cname,iso2,iso3,group,grtype,anoemp,xnoemp
France,fr,fra,1,1,.7193042028337652,.8089395530612776
France,fr,fra,2,1,.8115337682372159,.8829079882195913
France,fr,fra,3,1,.744517594108897,.8573098798586271
France,fr,fra,4,1,.5586906717176346,.7558424063169419
France,fr,fra,5,1,.3199999217507751,.6391871020714415
France,fr,fra,6,1,.2315545024328591,.5693464794687806
France,fr,fra,7,1,.1814780325742262,.5187765274554997
France,fr,fra,8,1,.1520820614496432,.5114792760133555
France,fr,fra,9,1,.1504339714814951,.5214667572032564
France,fr,fra,10,1,.1746417380462778,.5556623616384967
France,fr,fra,1,2,.725411292390579,.8073424681968167
France,fr,fra,2,2,.690920356176284,.7859006435103464
France,fr,fra,3,2,.,.
France,fr,fra,4,2,.,.
France,fr,fra,5,2,.,.
France,fr,fra,6,2,.,.
France,fr,fra,7,2,.7430019820564302,.8254438791539658
France,fr,fra,8,2,.,.
France,fr,fra,9,2,.7247038416766699,.894529416904739
France,fr,fra,10,2,.7836948279104804,.8417143327089194
France,fr,fra,11,2,.7682507681004321,.843549872436849
France,fr,fra,12,2,.8141646335692907,.8841885589143994
France,fr,fra,13,2,.7801510426979459,.8645588038997177
France,fr,fra,14,2,.7942882759607031,.877207499705531
France,fr,fra,15,2,.8168184712271409,.8681580051647172
France,fr,fra,16,2,.8012980232011903,.8799871023700613
France,fr,fra,17,2,.8024776354115404,.883827909045915
France,fr,fra,18,2,.8357643926327079,.9162456141810326
France,fr,fra,19,2,.8322037120008525,.887917491639534
France,fr,fra,20,2,.8512105750834276,.9130882120955807
France,fr,fra,21,2,.7897345073355471,.9039887448744764
France,fr,fra,22,2,.800010988992188,.8797181741192991
France,fr,fra,23,2,.750835351987002,.8560943724940263
France,fr,fra,24,2,.7809848166118661,.8664562940655175
France,fr,fra,25,2,.7557524845468508,.8714870439420359
France,fr,fra,26,2,.7554018862672591,.8651446620226723
France,fr,fra,27,2,.7388076781650107,.860490134105361
France,fr,fra,28,2,.7155242460741524,.8471006339183167
France,fr,fra,29,2,.6996341711786692,.831474940763596
France,fr,fra,30,2,.65898761516862,.7923937796000694
France,fr,fra,31,2,.6879875668661644,.8387846638752969
France,fr,fra,32,2,.6594785175147475,.7980945904249813
France,fr,fra,33,2,.6382732974661368,.8018569334871393
France,fr,fra,34,2,.5576561039198499,.76758802974149
France,fr,fra,35,2,.5536811477391793,.7478413690374069
France,fr,fra,36,2,.5516678958891388,.755665719973713
France,fr,fra,37,2,.5118613415828351,.7367273330996151
France,fr,fra,38,2,.5256538208504381,.7381828318138418
France,fr,fra,39,2,.4652132990292713,.716954995881524
France,fr,fra,40,2,.4353898049218407,.6566286224588229
France,fr,fra,41,2,.397582233275951,.6811390298541322
France,fr,fra,42,2,.3850826554595769,.711131482412228
France,fr,fra,43,2,.3989961924128902,.6792924983044599
France,fr,fra,44,2,.3185456396568143,.6043638796185113
France,fr,fra,45,2,.3111435069526018,.6188297066708217
France,fr,fra,46,2,.2955259710272392,.6250078373332146
France,fr,fra,47,2,.2855397010729331,.6341343746970455
France,fr,fra,48,2,.2806501304780589,.5969928613834319
France,fr,fra,49,2,.2819478730834398,.6273533984421262
France,fr,fra,50,2,.2449277977751385,.6136567656468892
France,fr,fra,51,2,.2662645778346391,.6032459231053181
France,fr,fra,52,2,.2607322911682065,.6159646162945561
France,fr,fra,53,2,.2345238570282411,.6023946007446213
France,fr,fra,54,2,.2339182644597285,.5915059827534618
France,fr,fra,55,2,.2467226515926738,.5540984069123631
France,fr,fra,56,2,.2360773937703647,.5556996568663106
France,fr,fra,57,2,.1976415322117727,.5651219973865437
France,fr,fra,58,2,.2136944351362427,.5474588528652025
France,fr,fra,59,2,.2215736825072298,.5429767799091924
France,fr,fra,60,2,.2043311984554277,.5151898334825622
France,fr,fra,61,2,.1882303572408483,.5099384586654753
France,fr,fra,62,2,.1805001861513766,.5370002308389689
France,fr,fra,63,2,.1639773122662413,.5224283477046862
France,fr,fra,64,2,.1981453788362366,.5419378853426782
France,fr,fra,65,2,.211371816149824,.5142041231261958
France,fr,fra,66,2,.1678762719968812,.4846772285251163
France,fr,fra,67,2,.1847718043790553,.5136977768076877
France,fr,fra,68,2,.1876570073470021,.5424460222237906
France,fr,fra,69,2,.1693787492661555,.5092877146134338
France,fr,fra,70,2,.1629290955584901,.5121860643652572
France,fr,fra,71,2,.1639520105789497,.507109510665671
France,fr,fra,72,2,.1525587569740024,.5039497348406483
France,fr,fra,73,2,.1574379563485341,.5089919747466658
France,fr,fra,74,2,.1705869835293334,.5303410356440873
France,fr,fra,75,2,.1495557012057917,.519936035921319
France,fr,fra,76,2,.1465141432845376,.530172971205421
France,fr,fra,77,2,.1353866442459702,.531127042634237
France,fr,fra,78,2,.1649383343200913,.4912140456861397
France,fr,fra,79,2,.1412663835822567,.4916374861176633
France,fr,fra,80,2,.1386452196769287,.500282794996133
France,fr,fra,81,2,.1555580955056561,.5129436364167768
France,fr,fra,82,2,.1740959390779579,.518891332299121
France,fr,fra,83,2,.1488350809903888,.5091806613532379
France,fr,fra,84,2,.144764918508885,.5325209817800716
France,fr,fra,85,2,.1291758109781051,.5103895562877372
France,fr,fra,86,2,.1534706975202545,.5251438459499744
France,fr,fra,87,2,.1599605925435182,.5118179229449012
France,fr,fra,88,2,.1585042961323203,.531224272292918
France,fr,fra,89,2,.1371270718786834,.525306034515633
France,fr,fra,90,2,.1428235419344405,.537230147476255
France,fr,fra,91,2,.1472769575702636,.5440598246195465
France,fr,fra,92,2,.1497042699903323,.519594521623297
France,fr,fra,93,2,.1621887820170709,.527264061232886
France,fr,fra,94,2,.1602282590775436,.5423820837141945
France,fr,fra,95,2,.1448306993906499,.5254879361573653
France,fr,fra,96,2,.172440732279732,.5327663398375188
France,fr,fra,97,2,.1723536271303176,.5620953386990875
France,fr,fra,98,2,.1515834293224606,.5613803275831687
France,fr,fra,99,2,.1997093602109223,.588271879459907
France,fr,fra,100,2,.2861238993281904,.6533652929422786
Sweden,se,swe,1,1,.3990174663100826,.4835006023863064
Sweden,se,swe,2,1,.6650373655141643,.7602407388974048
Sweden,se,swe,3,1,.5845809732796049,.7393646107927108
Sweden,se,swe,4,1,.389839984014856,.5920625736198343
Sweden,se,swe,5,1,.251843465393104,.4946245135050907
Sweden,se,swe,6,1,.1913625456324873,.4121298398040279
Sweden,se,swe,7,1,.1599402809581393,.3921733462229169
Sweden,se,swe,8,1,.1461164958193379,.4071108848240373
Sweden,se,swe,9,1,.1255962872684246,.4327001356444593
Sweden,se,swe,10,1,.1101906897796988,.4419627675547274
Sweden,se,swe,1,2,.3340671165957925,.4147753023316145
Sweden,se,swe,2,2,.,.
Sweden,se,swe,3,2,.,.
Sweden,se,swe,4,2,.,.
Sweden,se,swe,5,2,.,.
Sweden,se,swe,6,2,.3291307865127665,.3738191953948144
Sweden,se,swe,7,2,.4081572061871741,.4846968105378626
Sweden,se,swe,8,2,.4733165587490961,.5932633107208929
Sweden,se,swe,9,2,.5754617678044528,.688681746217807
Sweden,se,swe,10,2,.5305095048799569,.5940151108356342
Sweden,se,swe,11,2,.6879897457356714,.7432120238713047
Sweden,se,swe,12,2,.6333716403104026,.7264919009862693
Sweden,se,swe,13,2,.5998313342760556,.7191568036640548
Sweden,se,swe,14,2,.7290984568964082,.8192658871093599
Sweden,se,swe,15,2,.7144932671944095,.780013977738802
Sweden,se,swe,16,2,.6975914319557692,.7942523509511652
Sweden,se,swe,17,2,.7220743857835733,.7711717702330367
Sweden,se,swe,18,2,.6635683077296062,.7997484069309966
Sweden,se,swe,19,2,.6344423975566306,.7597115962461142
Sweden,se,swe,20,2,.570356538992482,.6907168264577777
Sweden,se,swe,21,2,.6666495431490279,.7779771683738584
Sweden,se,swe,22,2,.6622272892387395,.8066713397003148
Sweden,se,swe,23,2,.6090230623270613,.735291361017943
Sweden,se,swe,24,2,.646259665541271,.8075262343452559
Sweden,se,swe,25,2,.6499673213261152,.7825224012246217
Sweden,se,swe,26,2,.5663453024071751,.7593104128373883
Sweden,se,swe,27,2,.5920883621408153,.7569539181717166
Sweden,se,swe,28,2,.4844734412217777,.6602252108925468
Sweden,se,swe,29,2,.4739572141901413,.6185069087207363
Sweden,se,swe,30,2,.4959023971193076,.6893381785371119
Sweden,se,swe,31,2,.4758232854937203,.6274447916890606
Sweden,se,swe,32,2,.4990531903068136,.6605791973606462
Sweden,se,swe,33,2,.4473341895339014,.6254672673255615
Sweden,se,swe,34,2,.4311965849439644,.609910982767104
Sweden,se,swe,35,2,.4282926975606948,.611787829185916
Sweden,se,swe,36,2,.3531654297984709,.5519996358571088
Sweden,se,swe,37,2,.3102438417724393,.5542742880907874
Sweden,se,swe,38,2,.3471623599225025,.5368080656678657
Sweden,se,swe,39,2,.3375385281132838,.6042867859713239
Sweden,se,swe,40,2,.2702726714776362,.5386165203740795
Sweden,se,swe,41,2,.2692354719277374,.4633246409220374
Sweden,se,swe,42,2,.3128495688623748,.5050602711912636
Sweden,se,swe,43,2,.324154609695201,.5359487111018052
Sweden,se,swe,44,2,.2420194077610423,.5228204815428418
Sweden,se,swe,45,2,.3059020225751005,.5185194641882216
Sweden,se,swe,46,2,.2117191371705644,.4893833436850106
Sweden,se,swe,47,2,.2330631523550529,.4938618657536696
Sweden,se,swe,48,2,.1950825411669168,.4599507239009097
Sweden,se,swe,49,2,.2151676385789555,.5009429334446008
Sweden,se,swe,50,2,.2072759206595266,.455166507198226
Sweden,se,swe,51,2,.2261640833744771,.4335699309458743
Sweden,se,swe,52,2,.1939099803972619,.4504693200489424
Sweden,se,swe,53,2,.1883418257786569,.4077608633758254
Sweden,se,swe,54,2,.188962919750386,.4370267467724342
Sweden,se,swe,55,2,.2118529569855586,.376688374070056
Sweden,se,swe,56,2,.1748263085130117,.3780223547003204
Sweden,se,swe,57,2,.2103951622349545,.447243435828261
Sweden,se,swe,58,2,.162236144860486,.4082770687175665
Sweden,se,swe,59,2,.1732935477868275,.3976269729321739
Sweden,se,swe,60,2,.184379519129748,.384026825716616
Sweden,se,swe,61,2,.1515925809056627,.4102669141090906
Sweden,se,swe,62,2,.1615160441431557,.352164957234348
Sweden,se,swe,63,2,.1943080896713916,.4081247010984576
Sweden,se,swe,64,2,.1873134575150812,.4236772135699393
Sweden,se,swe,65,2,.1825765372688963,.3697268425281046
Sweden,se,swe,66,2,.1496556296639278,.3618457732653606
Sweden,se,swe,67,2,.1457490005066628,.4029065189106868
Sweden,se,swe,68,2,.1397080543188651,.3679189253402869
Sweden,se,swe,69,2,.1357270470837901,.4149297615478926
Sweden,se,swe,70,2,.1516893206011705,.4101477920454696
Sweden,se,swe,71,2,.131768993574827,.3598927747982767
Sweden,se,swe,72,2,.1606296993667394,.452811432057693
Sweden,se,swe,73,2,.1910521305855598,.4084298221719811
Sweden,se,swe,74,2,.1519175603846608,.40876371441652
Sweden,se,swe,75,2,.1860221701979146,.4520964685821016
Sweden,se,swe,76,2,.1346304138673272,.4318630398731791
Sweden,se,swe,77,2,.1302757850141264,.3915213245378362
Sweden,se,swe,78,2,.1372614483560957,.366346356779224
Sweden,se,swe,79,2,.1275071387908333,.3796374137620654
Sweden,se,swe,80,2,.1099136352089842,.4185503550276006
Sweden,se,swe,81,2,.1382496992019148,.4105890058338702
Sweden,se,swe,82,2,.2237486100604008,.5425942676118621
Sweden,se,swe,83,2,.115208870956776,.4088800181028501
Sweden,se,swe,84,2,.0908064197929978,.3997294309640209
Sweden,se,swe,85,2,.1260145423217466,.4277461809177647
Sweden,se,swe,86,2,.1039217788572672,.433004618642799
Sweden,se,swe,87,2,.1099114970044994,.4471778484245021
Sweden,se,swe,88,2,.122299016704883,.4584024658356317
Sweden,se,swe,89,2,.1180669595664091,.4048708295854597
Sweden,se,swe,90,2,.1084712632035531,.394840661625719
Sweden,se,swe,91,2,.130503968939539,.4425335915092377
Sweden,se,swe,92,2,.130517057135066,.4152964975579692
Sweden,se,swe,93,2,.0862584507437854,.4382441226582902
Sweden,se,swe,94,2,.1045912952982722,.4192974191730446
Sweden,se,swe,95,2,.1059835234295873,.400339864887149
Sweden,se,swe,96,2,.1122522049767629,.4812304362222176
Sweden,se,swe,97,2,.0706392392878993,.4500486255737548
Sweden,se,swe,98,2,.0928125556336311,.4249642183888392
Sweden,se,swe,99,2,.1125217539512011,.4453837748686298
Sweden,se,swe,100,2,.1561076120405988,.5024050600365522
South Korea,kr,kor,1,1,.4410230546644821,.6211704616080661
South Korea,kr,kor,2,1,.3317960278389741,.6749501464602086
South Korea,kr,kor,3,1,.2382760839539019,.6636053461349942
South Korea,kr,kor,4,1,.1872843976803981,.6346836275863672
South Korea,kr,kor,5,1,.1565509525805107,.649092319710482
South Korea,kr,kor,6,1,.1364614717312536,.6524461317664431
South Korea,kr,kor,7,1,.1154132311747476,.657881899854447
South Korea,kr,kor,8,1,.1012184849006541,.6650992564113584
South Korea,kr,kor,9,1,.0905750765289686,.6749745697894772
South Korea,kr,kor,10,1,.0838214518866024,.6829306110672065
South Korea,kr,kor,1,2,.343069595096662,.5338787782905402
South Korea,kr,kor,2,2,.4702967804554291,.6353004510237272
South Korea,kr,kor,3,2,.440684062995394,.5891423760881798
South Korea,kr,kor,4,2,.5029114586599862,.6207292766422844
South Korea,kr,kor,5,2,.4891406332317665,.625227816348724
South Korea,kr,kor,6,2,.4612155979982854,.637276817887236
South Korea,kr,kor,7,2,.4319236461569817,.6470213735154199
South Korea,kr,kor,8,2,.431066120963179,.6471214806518221
South Korea,kr,kor,9,2,.4354464753541164,.6286291656155903
South Korea,kr,kor,10,2,.4056224315121323,.6482086980911134
South Korea,kr,kor,11,2,.4055536035111747,.6810517706975886
South Korea,kr,kor,12,2,.3647000270328546,.6923066254396791
South Korea,kr,kor,13,2,.3518359863430605,.6738651067436532
South Korea,kr,kor,14,2,.3537547076991632,.6302287237086979
South Korea,kr,kor,15,2,.3203994647690315,.7167755443288832
South Korea,kr,kor,16,2,.3617327617644142,.6876747693195773
South Korea,kr,kor,17,2,.3116647159756456,.6702731804124137
South Korea,kr,kor,18,2,.2954719294505072,.675632895068657
South Korea,kr,kor,19,2,.2773852392479678,.6770688812655379
South Korea,kr,kor,20,2,.2758130793443974,.6446325482417475
South Korea,kr,kor,21,2,.2696127285076993,.6434844913959087
South Korea,kr,kor,22,2,.2529926578613497,.6604489746544777
South Korea,kr,kor,23,2,.2377740911083878,.6402573075059812
South Korea,kr,kor,24,2,.2568545869985195,.6727995606223817
South Korea,kr,kor,25,2,.2525816553017529,.6564179161167552
South Korea,kr,kor,26,2,.2238361895867192,.6900533798914122
South Korea,kr,kor,27,2,.2273976115458353,.6564530689615296
South Korea,kr,kor,28,2,.2092245857363733,.6948534709469697
South Korea,kr,kor,29,2,.2237974416009687,.6554896303846099
South Korea,kr,kor,30,2,.2286601533359214,.6659440952554234
South Korea,kr,kor,31,2,.1859198696186125,.6359337595642564
South Korea,kr,kor,32,2,.2133831822985503,.6755092213697609
South Korea,kr,kor,33,2,.1796597279052578,.6360899535379879
South Korea,kr,kor,34,2,.1834008806952243,.5880265264066679
South Korea,kr,kor,35,2,.1928946733948464,.6393454700770147
South Korea,kr,kor,36,2,.1765545994597359,.6607197611813215
South Korea,kr,kor,37,2,.1835569807815479,.6566537568694515
South Korea,kr,kor,38,2,.1987347759224791,.616213254667354
South Korea,kr,kor,39,2,.1833748672801586,.6198986503979375
South Korea,kr,kor,40,2,.1754471477117596,.6188362972327168
South Korea,kr,kor,41,2,.1346339700200714,.6351130680101921
South Korea,kr,kor,42,2,.1569199320888048,.641803893586849
South Korea,kr,kor,43,2,.1720433044694876,.6400746862933797
South Korea,kr,kor,44,2,.1623789604897709,.6833712612287263
South Korea,kr,kor,45,2,.1701241990808302,.6302671065018656
South Korea,kr,kor,46,2,.1633343027999606,.6588216674836355
South Korea,kr,kor,47,2,.1524603602779402,.6753526493704467
South Korea,kr,kor,48,2,.140021162813659,.6321832661560811
South Korea,kr,kor,49,2,.1660928278048747,.6343197048940822
South Korea,kr,kor,50,2,.147778290180234,.6592345978766004
South Korea,kr,kor,51,2,.1658743497027655,.6243626226864821
South Korea,kr,kor,52,2,.147590891859393,.621603229269064
South Korea,kr,kor,53,2,.165015591629204,.6391992577438593
South Korea,kr,kor,54,2,.1242297302308247,.6872719053208187
South Korea,kr,kor,55,2,.1185402286838594,.6675194357355008
South Korea,kr,kor,56,2,.1512673615340179,.6688433001134401
South Korea,kr,kor,57,2,.1227343369385613,.6350948154650159
South Korea,kr,kor,58,2,.1056805961598238,.6411893824693643
South Korea,kr,kor,59,2,.1334354620641381,.6428005546610349
South Korea,kr,kor,60,2,.1302256037078529,.6958206320358733
South Korea,kr,kor,61,2,.1266980299170999,.6139391044972957
South Korea,kr,kor,62,2,.1065034564441896,.6583436813803464
South Korea,kr,kor,63,2,.1193576740923054,.6716098184083249
South Korea,kr,kor,64,2,.1436583739288572,.6465835251188787
South Korea,kr,kor,65,2,.124961295358802,.6561546508081836
South Korea,kr,kor,66,2,.1047275982403705,.6678996715323775
South Korea,kr,kor,67,2,.1094297851703886,.6697848372571922
South Korea,kr,kor,68,2,.096416639775425,.6847236280178274
South Korea,kr,kor,69,2,.1162978323486156,.6417673732561247
South Korea,kr,kor,70,2,.1066114388315223,.6669152345699545
South Korea,kr,kor,71,2,.1183861362569526,.6781062388319063
South Korea,kr,kor,72,2,.1136047790960412,.6438996682414876
South Korea,kr,kor,73,2,.0991989182273875,.7162938216882212
South Korea,kr,kor,74,2,.1051117276539059,.6661712085372669
South Korea,kr,kor,75,2,.0905372385742042,.7106851836543674
South Korea,kr,kor,76,2,.0977799506928623,.6539099881696356
South Korea,kr,kor,77,2,.0948561541193132,.6485380934527251
South Korea,kr,kor,78,2,.1000177369188234,.6451988161007041
South Korea,kr,kor,79,2,.0986396601752484,.6700187414164834
South Korea,kr,kor,80,2,.0940379700625278,.6181009577882357
South Korea,kr,kor,81,2,.0802602286986695,.6553099798293829
South Korea,kr,kor,82,2,.0974641560016111,.6750134401903121
South Korea,kr,kor,83,2,.0680001283663956,.6947911489381675
South Korea,kr,kor,84,2,.1014230615668372,.6441807716118356
South Korea,kr,kor,85,2,.0904290865079395,.6757772784240555
South Korea,kr,kor,86,2,.1121453237287393,.6722658681348403
South Korea,kr,kor,87,2,.0877137068717883,.6615322309567433
South Korea,kr,kor,88,2,.1175047928843537,.7095153403301432
South Korea,kr,kor,89,2,.077905234962215,.6918671571077661
South Korea,kr,kor,90,2,.0731785399597149,.6703962580949596
South Korea,kr,kor,91,2,.092635712560066,.6804549495954878
South Korea,kr,kor,92,2,.0753480959040918,.6557873113548351
South Korea,kr,kor,93,2,.0732833749538149,.6744548041049403
South Korea,kr,kor,94,2,.0805853261371722,.6811086571934795
South Korea,kr,kor,95,2,.07960476174242,.6664696975866906
South Korea,kr,kor,96,2,.0881510402298622,.691777324815205
South Korea,kr,kor,97,2,.0667409929540992,.7212989978316796
South Korea,kr,kor,98,2,.0820445788383967,.6774190204206374
South Korea,kr,kor,99,2,.1005520328694664,.6773092315408633
South Korea,kr,kor,100,2,.0991826722260428,.703426161697301
Japan,jp,jpn,1,1,.296208599515507,.7761012352103465
Japan,jp,jpn,2,1,.318074555822318,.8058643889781589
Japan,jp,jpn,3,1,.3283515259823251,.8065342581539262
Japan,jp,jpn,4,1,.3043754036280812,.7502602144150905
Japan,jp,jpn,5,1,.2087088121583309,.7512771487569658
Japan,jp,jpn,6,1,.1444649424603568,.7287970434083538
Japan,jp,jpn,7,1,.1195921796342456,.6719107140646222
Japan,jp,jpn,8,1,.1012749011281712,.6774829114317172
Japan,jp,jpn,9,1,.0895319998550469,.625293667870862
Japan,jp,jpn,10,1,.0975347917164928,.6406445801561332
Japan,jp,jpn,1,2,.2387702397642102,.716124212251061
Japan,jp,jpn,2,2,.1972823735066078,.8087495484269611
Japan,jp,jpn,3,2,.3133018905259007,.7467011857200385
Japan,jp,jpn,4,2,.2413453800433503,.8416899568186464
Japan,jp,jpn,5,2,.4311842301195157,.7740502743174197
Japan,jp,jpn,6,2,.4361439422992295,.7918390441714142
Japan,jp,jpn,7,2,.2414863006165427,.8514247169172399
Japan,jp,jpn,8,2,.2502216450677563,.7264944389792203
Japan,jp,jpn,9,2,.3204486706666081,.7759568291827191
Japan,jp,jpn,10,2,.2934028091492504,.71642005614624
Japan,jp,jpn,11,2,.3295314361974511,.7450627581192832
Japan,jp,jpn,12,2,.3273146552542039,.7962550527757458
Japan,jp,jpn,13,2,.3564240367117599,.8048283809366124
Japan,jp,jpn,14,2,.1870525020369873,.8435158987967647
Japan,jp,jpn,15,2,.3533557395246444,.8725403058094519
Japan,jp,jpn,16,2,.3163477172991148,.8163706683784007
Japan,jp,jpn,17,2,.2016295413854924,.7510010880200008
Japan,jp,jpn,18,2,.3334354024093077,.8572430982830805
Japan,jp,jpn,19,2,.4315941698673241,.720803255787088
Japan,jp,jpn,20,2,.3224894681141842,.8501463694661052
Japan,jp,jpn,21,2,.2241461359109656,.9005497684455165
Japan,jp,jpn,22,2,.4133904760161249,.7769548869236348
Japan,jp,jpn,23,2,.4195043643368311,.8850259426965528
Japan,jp,jpn,24,2,.2827419264619803,.7711461866742473
Japan,jp,jpn,25,2,.2651721690765329,.8112508008640814
Japan,jp,jpn,26,2,.3295923933175702,.683288033526902
Japan,jp,jpn,27,2,.4273136875228645,.871737899119962
Japan,jp,jpn,28,2,.2020564861483231,.7821184820470486
Japan,jp,jpn,29,2,.4477097918036222,.7793660258844456
Japan,jp,jpn,30,2,.286628719355194,.7877611921809698
Japan,jp,jpn,31,2,.3919164141350147,.7645341559082428
Japan,jp,jpn,32,2,.2672027049212706,.6632350698210275
Japan,jp,jpn,33,2,.3247345102549816,.7332403799831332
Japan,jp,jpn,34,2,.392214834081295,.7984430756643416
Japan,jp,jpn,35,2,.4251037406963843,.8471878316276235
Japan,jp,jpn,36,2,.3359266594172663,.7560581614773034
Japan,jp,jpn,37,2,.3031663130782546,.7614215467771549
Japan,jp,jpn,38,2,.1248016692266184,.6459440250161542
Japan,jp,jpn,39,2,.2520400671465904,.7776212134355039
Japan,jp,jpn,40,2,.1513639299985163,.7171271314590857
Japan,jp,jpn,41,2,.2321715095892269,.647178019156564
Japan,jp,jpn,42,2,.2147521188762739,.8844726350666776
Japan,jp,jpn,43,2,.2864491284745243,.6892199036012011
Japan,jp,jpn,44,2,.2778699246300713,.7782420793580909
Japan,jp,jpn,45,2,.1316520741841266,.7636204122576082
Japan,jp,jpn,46,2,.2151192066126798,.7778012843449477
Japan,jp,jpn,47,2,.1839921647029537,.8156678243630927
Japan,jp,jpn,48,2,.2325519512436455,.7178400330761654
Japan,jp,jpn,49,2,.1131693351747517,.7352183992752997
Japan,jp,jpn,50,2,.185790051683132,.7213284197619273
Japan,jp,jpn,51,2,.0989211359945461,.6247152914374506
Japan,jp,jpn,52,2,.1240520921806594,.7425696713435419
Japan,jp,jpn,53,2,.0941633922212522,.7620646621791216
Japan,jp,jpn,54,2,.217668708436311,.753008373709139
Japan,jp,jpn,55,2,.1511478008003152,.7057413040438546
Japan,jp,jpn,56,2,.1605599824262366,.6668230690835676
Japan,jp,jpn,57,2,.1679613327517263,.723839764763066
Japan,jp,jpn,58,2,.1832026969914846,.7523945470782951
Japan,jp,jpn,59,2,.181432318497327,.7740138247727414
Japan,jp,jpn,60,2,.0509244110284307,.7613187989184796
Japan,jp,jpn,61,2,.120878649681466,.6000234376130941
Japan,jp,jpn,62,2,.2047883744140579,.7191308067878199
Japan,jp,jpn,63,2,.1757860141939868,.6906361011970568
Japan,jp,jpn,64,2,.135174919021248,.8044569467927709
Japan,jp,jpn,65,2,.0978291596106917,.5494359489691198
Japan,jp,jpn,66,2,.0509660558674558,.8084018686578611
Japan,jp,jpn,67,2,.0949341809145646,.5850572895281626
Japan,jp,jpn,68,2,.0531074597186636,.6364979595843923
Japan,jp,jpn,69,2,.1425496130015978,.7232169991137883
Japan,jp,jpn,70,2,.1359865193230743,.6186917808142904
Japan,jp,jpn,71,2,.1716486777162365,.7317871246075333
Japan,jp,jpn,72,2,.1641030080283185,.7138104525625321
Japan,jp,jpn,73,2,.0452329969626961,.683799358204684
Japan,jp,jpn,74,2,.0956201621558271,.6684614627128989
Japan,jp,jpn,75,2,.1277363338464603,.796821724606551
Japan,jp,jpn,76,2,.0597897848290462,.6882570279145565
Japan,jp,jpn,77,2,.0917370194610103,.6487140491953751
Japan,jp,jpn,78,2,.0917548073613943,.5270018601689482
Japan,jp,jpn,79,2,.0314642464081227,.6467809132500215
Japan,jp,jpn,80,2,.0811316694601226,.6487875894044265
Japan,jp,jpn,81,2,.1025634850985477,.6553937052148282
Japan,jp,jpn,82,2,.066980795862763,.5990943354712309
Japan,jp,jpn,83,2,.0932100603069683,.592031626940281
Japan,jp,jpn,84,2,.0430156000560951,.6283002986692069
Japan,jp,jpn,85,2,.104704199792588,.5779023122789814
Japan,jp,jpn,86,2,.0690361540397938,.5447937906348935
Japan,jp,jpn,87,2,.1074751783778505,.7131743728927736
Japan,jp,jpn,88,2,.1394134764145865,.6495871714847963
Japan,jp,jpn,89,2,.0872880036856693,.627723534068038
Japan,jp,jpn,90,2,.0798735951749143,.6657887995696388
Japan,jp,jpn,91,2,.0464123163476112,.6362361514119533
Japan,jp,jpn,92,2,.0428012158846773,.6200906175852868
Japan,jp,jpn,93,2,.0574019148626295,.6144094868439132
Japan,jp,jpn,94,2,.1347176920178599,.6376750057192092
Japan,jp,jpn,95,2,.1909263197159343,.6853181154636225
Japan,jp,jpn,96,2,.0539632959619541,.6641359672435966
Japan,jp,jpn,97,2,.0966123809489474,.6272805432604072
Japan,jp,jpn,98,2,.0929497809368952,.6818795781520997
Japan,jp,jpn,99,2,.138132701974456,.6042668622076856
Japan,jp,jpn,100,2,.1120453143106326,.6361492167217611
United Kingdom,uk,gbr,1,1,.4318794990399346,.5686475395897009
United Kingdom,uk,gbr,2,1,.6496527165072252,.8102476778411787
United Kingdom,uk,gbr,3,1,.4841550626326152,.7275020385748699
United Kingdom,uk,gbr,4,1,.3665852763033178,.6671184579184954
United Kingdom,uk,gbr,5,1,.3115353980474458,.6444536641560169
United Kingdom,uk,gbr,6,1,.2400596670513968,.5913558113670822
United Kingdom,uk,gbr,7,1,.1861120113271298,.5604092886719817
United Kingdom,uk,gbr,8,1,.1409626894666332,.5188171685787958
United Kingdom,uk,gbr,9,1,.1296092407070583,.5083848157607167
United Kingdom,uk,gbr,10,1,.1083901273427983,.4735005405270166
United Kingdom,uk,gbr,1,2,.4318794990399346,.5686475395897009
United Kingdom,uk,gbr,2,2,.,.
United Kingdom,uk,gbr,3,2,.,.
United Kingdom,uk,gbr,4,2,.,.
United Kingdom,uk,gbr,5,2,.,.
United Kingdom,uk,gbr,6,2,.,.
United Kingdom,uk,gbr,7,2,.,.
United Kingdom,uk,gbr,8,2,.,.
United Kingdom,uk,gbr,9,2,.,.
United Kingdom,uk,gbr,10,2,.,.
United Kingdom,uk,gbr,11,2,.,.
United Kingdom,uk,gbr,12,2,.6644956089565369,.8189802561962237
United Kingdom,uk,gbr,13,2,.6983231815253316,.8176062717557255
United Kingdom,uk,gbr,14,2,.6007962452396003,.7791940795354342
United Kingdom,uk,gbr,15,2,.7287393792525533,.878931908353926
United Kingdom,uk,gbr,16,2,.6473303951389179,.7892880272368623
United Kingdom,uk,gbr,17,2,.6864552661820511,.8359024115620881
United Kingdom,uk,gbr,18,2,.6583272467127341,.8049301266969433
United Kingdom,uk,gbr,19,2,.5423010571347993,.7622886210192603
United Kingdom,uk,gbr,20,2,.627938359425511,.8079066444523029
United Kingdom,uk,gbr,21,2,.5395824154028029,.7077075714480153
United Kingdom,uk,gbr,22,2,.5252129085140508,.7378365898786104
United Kingdom,uk,gbr,23,2,.4945699337965611,.7552578956823141
United Kingdom,uk,gbr,24,2,.603038238365167,.802298797171675
United Kingdom,uk,gbr,25,2,.4993491707978726,.7061697881136667
United Kingdom,uk,gbr,26,2,.421935896575287,.697723707234128
United Kingdom,uk,gbr,27,2,.599371681251738,.7733876453063862
United Kingdom,uk,gbr,28,2,.3641855717330263,.662299793563061
United Kingdom,uk,gbr,29,2,.4142621009687737,.7498371658853406
United Kingdom,uk,gbr,30,2,.3803215336326742,.6795658375271354
United Kingdom,uk,gbr,31,2,.4518664966542125,.7071561545545237
United Kingdom,uk,gbr,32,2,.411487565940006,.6592089706940548
United Kingdom,uk,gbr,33,2,.3937799585608895,.6950966433329578
United Kingdom,uk,gbr,34,2,.3482844799887704,.6795752056615967
United Kingdom,uk,gbr,35,2,.3525661693994535,.7016007945998048
United Kingdom,uk,gbr,36,2,.354148086759004,.5822035257264906
United Kingdom,uk,gbr,37,2,.3284637799224197,.691311530830225
United Kingdom,uk,gbr,38,2,.3926812310841852,.6903736655182028
United Kingdom,uk,gbr,39,2,.3273123215770049,.5873772865374883
United Kingdom,uk,gbr,40,2,.3048904350869961,.6771683239660458
United Kingdom,uk,gbr,41,2,.3756113579992076,.6898375785314931
United Kingdom,uk,gbr,42,2,.341525481713544,.6940315885341974
United Kingdom,uk,gbr,43,2,.3048167335275346,.6742546739820371
United Kingdom,uk,gbr,44,2,.2954731482730358,.6143526788928242
United Kingdom,uk,gbr,45,2,.3804472636813622,.7060722904242021
United Kingdom,uk,gbr,46,2,.3000301765827809,.6667238464053659
United Kingdom,uk,gbr,47,2,.3290665104786341,.6028418821004305
United Kingdom,uk,gbr,48,2,.2690314592348698,.5343784423915577
United Kingdom,uk,gbr,49,2,.3180098956901682,.663145754269577
United Kingdom,uk,gbr,50,2,.1983472221892315,.5938973383577344
United Kingdom,uk,gbr,51,2,.2362976225026142,.6321858803128307
United Kingdom,uk,gbr,52,2,.3326125011958456,.6454448723354045
United Kingdom,uk,gbr,53,2,.2617745437817929,.6056913922804149
United Kingdom,uk,gbr,54,2,.2060839698269202,.5635484771639764
United Kingdom,uk,gbr,55,2,.2148416924292613,.6250260928528377
United Kingdom,uk,gbr,56,2,.2520655218772994,.5925401384577479
United Kingdom,uk,gbr,57,2,.1851750355045213,.5455627419382733
United Kingdom,uk,gbr,58,2,.2956339991278897,.6207963731282399
United Kingdom,uk,gbr,59,2,.2171521960227471,.5823033933246634
United Kingdom,uk,gbr,60,2,.1985309102757642,.5001364110307747
United Kingdom,uk,gbr,61,2,.2398981813858043,.5808288992967235
United Kingdom,uk,gbr,62,2,.1529596686299032,.6264988117213173
United Kingdom,uk,gbr,63,2,.1956888992670469,.6033935445013721
United Kingdom,uk,gbr,64,2,.215029283456475,.580826340166287
United Kingdom,uk,gbr,65,2,.1615242670861708,.5446560037845671
United Kingdom,uk,gbr,66,2,.1950071334134903,.5720826888168657
United Kingdom,uk,gbr,67,2,.1666127327319978,.5847547472793378
United Kingdom,uk,gbr,68,2,.1736080745250291,.509344427254023
United Kingdom,uk,gbr,69,2,.1807009090604622,.4465150605776635
United Kingdom,uk,gbr,70,2,.1783093052628957,.5557150474313125
United Kingdom,uk,gbr,71,2,.1429978995011585,.5019673868587612
United Kingdom,uk,gbr,72,2,.1453701182186886,.5000019623770755
United Kingdom,uk,gbr,73,2,.152313848968951,.5125904640994237
United Kingdom,uk,gbr,74,2,.1514386532003521,.5452753995365217
United Kingdom,uk,gbr,75,2,.1261661573194126,.5420057720805209
United Kingdom,uk,gbr,76,2,.1594390591110301,.5694197652851969
United Kingdom,uk,gbr,77,2,.1690967539723209,.4988084530879671
United Kingdom,uk,gbr,78,2,.0995977231534251,.5279966690012557
United Kingdom,uk,gbr,79,2,.1472222044541322,.5000731682734989
United Kingdom,uk,gbr,80,2,.1158028823015183,.4896261351471698
United Kingdom,uk,gbr,81,2,.1388459239924261,.5790805142303495
United Kingdom,uk,gbr,82,2,.1222378755644017,.4614658117263164
United Kingdom,uk,gbr,83,2,.138526887235175,.5207876118051291
United Kingdom,uk,gbr,84,2,.1498666912750085,.5513265562336829
United Kingdom,uk,gbr,85,2,.1527814514515344,.5043186037687468
United Kingdom,uk,gbr,86,2,.1352359664723767,.5402709209947937
United Kingdom,uk,gbr,87,2,.0936834766540863,.4679091006249319
United Kingdom,uk,gbr,88,2,.1288658213949349,.4545293105979353
United Kingdom,uk,gbr,89,2,.1012817403740966,.4950507852478849
United Kingdom,uk,gbr,90,2,.1361654272160293,.5123570844397595
United Kingdom,uk,gbr,91,2,.109452460409629,.5096054609524597
United Kingdom,uk,gbr,92,2,.1127951247092602,.4657100055161664
United Kingdom,uk,gbr,93,2,.120361944180376,.4976046141693086
United Kingdom,uk,gbr,94,2,.0800483755770814,.4554443426339728
United Kingdom,uk,gbr,95,2,.0841253874721606,.4941144366199912
United Kingdom,uk,gbr,96,2,.1254442523463576,.4771554729427334
United Kingdom,uk,gbr,97,2,.0816393986353172,.4668273596397171
United Kingdom,uk,gbr,98,2,.1264682527392717,.4371689484674517
United Kingdom,uk,gbr,99,2,.1262648800769817,.4821820378072774
United Kingdom,uk,gbr,100,2,.1171236419717671,.4486789255855493
United States,us,usa,1,1,.5280349374782454,.6888586771777078
United States,us,usa,2,1,.5072959132666445,.7410097184200605
United States,us,usa,3,1,.3431751341479257,.6843480365563881
United States,us,usa,4,1,.2651942168709701,.6507487993986204
United States,us,usa,5,1,.2209503418163126,.6141703057665119
United States,us,usa,6,1,.1935202672993334,.6021821353078316
United States,us,usa,7,1,.1866804436012628,.5751544924828711
United States,us,usa,8,1,.1679799688574857,.5769332441468118
United States,us,usa,9,1,.1642541206369608,.5789941837124338
United States,us,usa,10,1,.1659292519478146,.5831537366771866
United States,us,usa,1,2,.5150960734741836,.6782556958061041
United States,us,usa,2,2,.,.
United States,us,usa,3,2,.,.
United States,us,usa,4,2,.,.
United States,us,usa,5,2,.,.
United States,us,usa,6,2,.,.
United States,us,usa,7,2,.,.
United States,us,usa,8,2,.,.
United States,us,usa,9,2,.6047235360345263,.7111652784380755
United States,us,usa,10,2,.5723368229907366,.7854884544860338
United States,us,usa,11,2,.5891373601088554,.7840722636202228
United States,us,usa,12,2,.6145127209181002,.8056708951492674
United States,us,usa,13,2,.5952976893445735,.7577854229446879
United States,us,usa,14,2,.526041323894203,.7652664400654466
United States,us,usa,15,2,.512366357433813,.7278454346000598
United States,us,usa,16,2,.4698679292937978,.7093499429124256
United States,us,usa,17,2,.4614304062436706,.7291321730922541
United States,us,usa,18,2,.4547012018219138,.7322622977017477
United States,us,usa,19,2,.4326803491271001,.6922138237798012
United States,us,usa,20,2,.4223525404326205,.709466571947029
United States,us,usa,21,2,.3885649322157482,.7007758516025063
United States,us,usa,22,2,.3938803229655165,.703878538037822
United States,us,usa,23,2,.3680668706776432,.7111445684684817
United States,us,usa,24,2,.3512846567166195,.6651685320444144
United States,us,usa,25,2,.3368580180222148,.6828695363912413
United States,us,usa,26,2,.3554329297764343,.6768010018187208
United States,us,usa,27,2,.3139797139313822,.6838970668356126
United States,us,usa,28,2,.3071990292919174,.6557350564456246
United States,us,usa,29,2,.3107609865881997,.6805133817082106
United States,us,usa,30,2,.3079825103298039,.685368294958242
United States,us,usa,31,2,.2559005778910068,.6577875818622386
United States,us,usa,32,2,.3158405028202782,.6614931100705019
United States,us,usa,33,2,.2818409367222197,.657263290112198
United States,us,usa,34,2,.2646012991897848,.6591126555844464
United States,us,usa,35,2,.2536428982131662,.6530574011295299
United States,us,usa,36,2,.2655236633645405,.6707117950968052
United States,us,usa,37,2,.2880651573850619,.6492241433865757
United States,us,usa,38,2,.2475550327720948,.6232398185142425
United States,us,usa,39,2,.2639902083118263,.6530619113436605
United States,us,usa,40,2,.2190712568245757,.6287631163665532
United States,us,usa,41,2,.2586431188455959,.6504016022257578
United States,us,usa,42,2,.2076206891284555,.6590154902796678
United States,us,usa,43,2,.2153013212974319,.5743941520124206
United States,us,usa,44,2,.2366956492024689,.6085308893259329
United States,us,usa,45,2,.1974468172664436,.6435335243569416
United States,us,usa,46,2,.2259866075584511,.5896923758145417
United States,us,usa,47,2,.2186408867268481,.6266229212342623
United States,us,usa,48,2,.2242108971486131,.5733013382167429
United States,us,usa,49,2,.2030918327967476,.5901955314993641
United States,us,usa,50,2,.2238061465929957,.6315317754574173
United States,us,usa,51,2,.1788425795773847,.6195903182017869
United States,us,usa,52,2,.1933652531643857,.6210259610442234
United States,us,usa,53,2,.2170733050013971,.5280010912927842
United States,us,usa,54,2,.2046579466973123,.6064147181098157
United States,us,usa,55,2,.1937105372979413,.6054140817189904
United States,us,usa,56,2,.2007933259196322,.6237812041262359
United States,us,usa,57,2,.1875893658224031,.5854002169079686
United States,us,usa,58,2,.1886809397715537,.5984581400231028
United States,us,usa,59,2,.1775587860442591,.6037764321023901
United States,us,usa,60,2,.1928949102461554,.6297542256858705
United States,us,usa,61,2,.2054975656190915,.506749243701193
United States,us,usa,62,2,.2043989710582425,.6045998755123051
United States,us,usa,63,2,.1861914167413343,.5797745719423716
United States,us,usa,64,2,.1745563430901398,.6117122088980755
United States,us,usa,65,2,.1838266782616358,.5458043144878243
United States,us,usa,66,2,.1830926655298889,.6146206462525389
United States,us,usa,67,2,.1836488880874193,.6041856570824223
United States,us,usa,68,2,.2039328400737202,.5189076238099384
United States,us,usa,69,2,.1710475107425924,.5818772522662691
United States,us,usa,70,2,.1706639600069373,.5830336334501259
United States,us,usa,71,2,.1547669475090721,.530128237340398
United States,us,usa,72,2,.1557928938948661,.5993370970293
United States,us,usa,73,2,.1752951390323575,.6010760836426118
United States,us,usa,74,2,.1686230691519789,.5486160246934504
United States,us,usa,75,2,.1831903986588975,.6168603307922246
United States,us,usa,76,2,.1610290290149543,.5592466359385472
United States,us,usa,77,2,.1763408840857696,.5569856297810211
United States,us,usa,78,2,.1641053206122484,.5994604820393319
United States,us,usa,79,2,.1743882675634485,.5573764344256932
United States,us,usa,80,2,.1673279488086749,.5999611613069489
United States,us,usa,81,2,.1692614156828959,.5984088970400014
United States,us,usa,82,2,.1499883849089555,.5922427195289878
United States,us,usa,83,2,.1688398291042623,.5606781180619547
United States,us,usa,84,2,.1571842338852386,.5598535686350485
United States,us,usa,85,2,.1724992581375283,.5987006727188285
United States,us,usa,86,2,.2084155058387625,.5563350688181397
United States,us,usa,87,2,.157037975777353,.5777321523233361
United States,us,usa,88,2,.1577182417916942,.5926209562323669
United States,us,usa,89,2,.147360189750823,.5881159002578891
United States,us,usa,90,2,.1543497383912722,.5655255975371658
United States,us,usa,91,2,.1633077385212153,.6015210932053073
United States,us,usa,92,2,.1428204016285438,.5673742929125526
United States,us,usa,93,2,.1548331860589755,.5786641363739594
United States,us,usa,94,2,.1538362660226225,.5836075008411338
United States,us,usa,95,2,.1621562437296713,.5684142005508134
United States,us,usa,96,2,.1759627679279172,.5916937757465195
United States,us,usa,97,2,.1682731134328408,.5861152358934918
United States,us,usa,98,2,.1761511315505774,.5880140986246514
United States,us,usa,99,2,.1627675600294254,.5600032177820504
United States,us,usa,100,2,.1991238812271992,.606021687322488
