cname,iso2,iso3,group,grtype,aptjob,xptjob
France,fr,fra,1,1,.0115295029814655,.0239749019618253
France,fr,fra,2,1,.0074707951240592,.0159936305858079
France,fr,fra,3,1,.008305484240025,.0235605735542914
France,fr,fra,4,1,.0117910282759185,.0422864709315881
France,fr,fra,5,1,.0138201151220431,.0672142579481859
France,fr,fra,6,1,.0150528440022715,.0724362643341874
France,fr,fra,7,1,.0152303118896049,.0770152047329134
France,fr,fra,8,1,.0128429908230296,.0811847222518828
France,fr,fra,9,1,.0111709599002805,.0828541359352335
France,fr,fra,10,1,.0090328706550187,.080500125472081
France,fr,fra,1,2,.0100818491514335,.0203041538071339
France,fr,fra,2,2,.0120413095450062,.0258139259509987
France,fr,fra,3,2,.,.
France,fr,fra,4,2,.,.
France,fr,fra,5,2,.,.
France,fr,fra,6,2,.,.
France,fr,fra,7,2,.0129998375059683,.0242355455991263
France,fr,fra,8,2,.,.
France,fr,fra,9,2,.0055494203009984,.0294812067418356
France,fr,fra,10,2,.0097190224125012,.0166640311428554
France,fr,fra,11,2,.0095835822336241,.0184174548809495
France,fr,fra,12,2,.0078755241811787,.0154497428366883
France,fr,fra,13,2,.0103389548298574,.0203531396381681
France,fr,fra,14,2,.0073593993720544,.0180544856949198
France,fr,fra,15,2,.0070788807569275,.0130700640489042
France,fr,fra,16,2,.0065582272590224,.015810527026646
France,fr,fra,17,2,.0072728915591271,.0167831460469226
France,fr,fra,18,2,.0046876270137903,.0146488120056123
France,fr,fra,19,2,.0072012705875895,.0150590358304056
France,fr,fra,20,2,.0073848156457747,.0143478638093117
France,fr,fra,21,2,.0068588288403363,.0204949317068319
France,fr,fra,22,2,.007089307598129,.0168119635549171
France,fr,fra,23,2,.0090180189844975,.0209868754909176
France,fr,fra,24,2,.0085829568509027,.0202628215657906
France,fr,fra,25,2,.0085789851971066,.0243433453890788
France,fr,fra,26,2,.0068611461219657,.0224821871356302
France,fr,fra,27,2,.0076200909134329,.0248921533657749
France,fr,fra,28,2,.0088914373918417,.0275309887658748
France,fr,fra,29,2,.0088005360188132,.0275837934718907
France,fr,fra,30,2,.0106982126621701,.0301834836619826
France,fr,fra,31,2,.0096503933025588,.0310341573156775
France,fr,fra,32,2,.0110445440921483,.0320834539990071
France,fr,fra,33,2,.0094051455329485,.0342994826047001
France,fr,fra,34,2,.0097024053707458,.0417956605782856
France,fr,fra,35,2,.0129437568631334,.0434987385003513
France,fr,fra,36,2,.0123813758991422,.044368211300529
France,fr,fra,37,2,.0123917866788981,.0480166558393815
France,fr,fra,38,2,.0126545781405316,.0436864410993978
France,fr,fra,39,2,.0120324684269635,.0515893735735897
France,fr,fra,40,2,.0157094627600625,.052481673733196
France,fr,fra,41,2,.0143377876825107,.0596620265654836
France,fr,fra,42,2,.0110396016795652,.06430046843262
France,fr,fra,43,2,.015181038717943,.0623693901059529
France,fr,fra,44,2,.0139492457025984,.0635832905016914
France,fr,fra,45,2,.0151858565871834,.0672320755206905
France,fr,fra,46,2,.013766622526834,.0703794671419965
France,fr,fra,47,2,.0124585901873921,.071686698584632
France,fr,fra,48,2,.0165990837456497,.0702675005532894
France,fr,fra,49,2,.0133465283839316,.0704853539407269
France,fr,fra,50,2,.0123315770890823,.0721894768365046
France,fr,fra,51,2,.0148070713237913,.0711546445088584
France,fr,fra,52,2,.0121941804999487,.0699462803367847
France,fr,fra,53,2,.0130087724576893,.0726517717957034
France,fr,fra,54,2,.0140509220974234,.0738704149293293
France,fr,fra,55,2,.0168951953172565,.0694642226688565
France,fr,fra,56,2,.0143879099882279,.0711858761656831
France,fr,fra,57,2,.0125619884740846,.0758278303898534
France,fr,fra,58,2,.0154669714420274,.0757119184454371
France,fr,fra,59,2,.0173856907948165,.0709953628902506
France,fr,fra,60,2,.0197438568311575,.0735669965533349
France,fr,fra,61,2,.0155652698566748,.0736164623918011
France,fr,fra,62,2,.0155020211885663,.0798900347778953
France,fr,fra,63,2,.0150762727011468,.0792426753838389
France,fr,fra,64,2,.0144463270899661,.0775119974420532
France,fr,fra,65,2,.0166856271464821,.0702954683370904
France,fr,fra,66,2,.0149768181798147,.0734302343998579
France,fr,fra,67,2,.0167536886388625,.0770651834124968
France,fr,fra,68,2,.0152642669056549,.0805114726424633
France,fr,fra,69,2,.0143689889106048,.0798611201369792
France,fr,fra,70,2,.0136661600858312,.078727137527018
France,fr,fra,71,2,.0131703432091731,.0766710331275526
France,fr,fra,72,2,.0141441620778816,.0815176182494373
France,fr,fra,73,2,.0124322648392952,.0793163318760484
France,fr,fra,74,2,.0134749763579903,.0791964363652072
France,fr,fra,75,2,.0119594208322767,.0831021314481229
France,fr,fra,76,2,.0105077899923487,.0850310510579132
France,fr,fra,77,2,.0107340368353291,.0859811590316984
France,fr,fra,78,2,.0166261854492907,.0785095859255865
France,fr,fra,79,2,.0133358657383274,.0813442865601175
France,fr,fra,80,2,.0120491972806163,.0811732628858614
France,fr,fra,81,2,.0111410438772625,.0810951815378074
France,fr,fra,82,2,.0125649416350454,.0781417114654833
France,fr,fra,83,2,.0107622537310507,.0823139942717493
France,fr,fra,84,2,.0113977644151669,.0858794736541328
France,fr,fra,85,2,.0108127080086917,.0851075759030529
France,fr,fra,86,2,.0127120299065292,.0813420451363541
France,fr,fra,87,2,.0104317602733215,.0810388991304493
France,fr,fra,88,2,.0109322668739302,.0823196156974844
France,fr,fra,89,2,.0109250053135439,.0847996195787903
France,fr,fra,90,2,.0100286100570774,.0865052573749333
France,fr,fra,91,2,.010576170340578,.0846522773857774
France,fr,fra,92,2,.0100627028397726,.0815128825618337
France,fr,fra,93,2,.0118191599306396,.0835433136956596
France,fr,fra,94,2,.0080543962181774,.0813497391414475
France,fr,fra,95,2,.009717237008205,.0838633084677978
France,fr,fra,96,2,.0097279849394711,.0777551997397313
France,fr,fra,97,2,.0075214626649384,.0795776296936287
France,fr,fra,98,2,.0089419685917075,.0848664061945165
France,fr,fra,99,2,.0076958541601371,.0774631775400473
France,fr,fra,100,2,.0062133367420756,.0704225361186354
Sweden,se,swe,1,1,.0278301025225591,.0429304951019703
Sweden,se,swe,2,1,.0100162436605404,.0202049776585927
Sweden,se,swe,3,1,.0116750401841848,.0290244327994315
Sweden,se,swe,4,1,.0168844712875987,.0512805686449521
Sweden,se,swe,5,1,.016902150962104,.0657260295945528
Sweden,se,swe,6,1,.0199567644918899,.0666480347938454
Sweden,se,swe,7,1,.0188702498828945,.0700460588247885
Sweden,se,swe,8,1,.0157726497231568,.0735717137673767
Sweden,se,swe,9,1,.0092726714845767,.0786577704062678
Sweden,se,swe,10,1,.00821336593799,.0830812234554427
Sweden,se,swe,1,2,.0303680376615491,.0448061044875063
Sweden,se,swe,2,2,.,.
Sweden,se,swe,3,2,.,.
Sweden,se,swe,4,2,.,.
Sweden,se,swe,5,2,.,.
Sweden,se,swe,6,2,.0340105328246795,.0438522906019012
Sweden,se,swe,7,2,.0278412395207798,.0404248326359604
Sweden,se,swe,8,2,.0212956479017531,.0435179019165913
Sweden,se,swe,9,2,.0216327773943356,.0453364777194058
Sweden,se,swe,10,2,.0239811552428637,.0313064602577775
Sweden,se,swe,11,2,.0118236905130717,.0191214674727953
Sweden,se,swe,12,2,.0094178123165598,.0194645534784109
Sweden,se,swe,13,2,.0087884370590896,.0248933691587461
Sweden,se,swe,14,2,.0067278859284135,.0160647794275618
Sweden,se,swe,15,2,.0123571967453763,.0165810347532894
Sweden,se,swe,16,2,.008779035309619,.0204831167034162
Sweden,se,swe,17,2,.0103962418353973,.0139880412858795
Sweden,se,swe,18,2,.0089492526676995,.0222868654797954
Sweden,se,swe,19,2,.0110358413200965,.0223941437834013
Sweden,se,swe,20,2,.0118339154501588,.0265484553777974
Sweden,se,swe,21,2,.0111147096641352,.0189545490908235
Sweden,se,swe,22,2,.0078281566215979,.0237449648908575
Sweden,se,swe,23,2,.009085043998091,.0224969620420233
Sweden,se,swe,24,2,.0077075841341583,.0227858950945801
Sweden,se,swe,25,2,.0119417511001967,.0273071253442441
Sweden,se,swe,26,2,.0151023443556194,.0350039601805989
Sweden,se,swe,27,2,.0104766691611039,.026021990947878
Sweden,se,swe,28,2,.0111646441926819,.0350432566493731
Sweden,se,swe,29,2,.0172991968924086,.0398692502316531
Sweden,se,swe,30,2,.0150232631251487,.0389503637850573
Sweden,se,swe,31,2,.0161944960569944,.0395138004636058
Sweden,se,swe,32,2,.0171562487473898,.0402801170849144
Sweden,se,swe,33,2,.0189128040025813,.04647070189057
Sweden,se,swe,34,2,.0159393474059766,.0412299514944383
Sweden,se,swe,35,2,.0223251307442316,.0478598856786888
Sweden,se,swe,36,2,.0179798309097274,.0501056936451013
Sweden,se,swe,37,2,.0118850706925516,.0633337567612467
Sweden,se,swe,38,2,.0178100146071168,.0513932985894029
Sweden,se,swe,39,2,.0124015906345358,.0631429818762719
Sweden,se,swe,40,2,.0182702424024073,.0692067221535816
Sweden,se,swe,41,2,.0224529458510682,.0643217289083683
Sweden,se,swe,42,2,.0181315997320781,.0580103247078725
Sweden,se,swe,43,2,.0161036998146203,.05832816798273
Sweden,se,swe,44,2,.0132123866616816,.0709683012531307
Sweden,se,swe,45,2,.0206702502856399,.060074000479034
Sweden,se,swe,46,2,.0168153101581059,.0691702686853616
Sweden,se,swe,47,2,.0164597041465482,.0649165749247808
Sweden,se,swe,48,2,.0185439667136405,.0745142519273055
Sweden,se,swe,49,2,.0109859944974303,.0688989369968885
Sweden,se,swe,50,2,.0156331734395507,.0683389278481795
Sweden,se,swe,51,2,.0211123447902567,.0632074434017631
Sweden,se,swe,52,2,.0149310003165393,.0702761768914275
Sweden,se,swe,53,2,.0213929153552532,.0628138489958222
Sweden,se,swe,54,2,.0228034848756951,.0654235145269073
Sweden,se,swe,55,2,.0210152045146217,.0582219026844835
Sweden,se,swe,56,2,.0209370268525442,.0686237345655654
Sweden,se,swe,57,2,.0218947161435364,.068507029537112
Sweden,se,swe,58,2,.0188025955224157,.0740171957803559
Sweden,se,swe,59,2,.0145491700116295,.0691942328965779
Sweden,se,swe,60,2,.0219702682131233,.0659722472884767
Sweden,se,swe,61,2,.018928448943568,.0788752607711933
Sweden,se,swe,62,2,.0197801253678264,.0669770627981692
Sweden,se,swe,63,2,.021709606705996,.0711616689152488
Sweden,se,swe,64,2,.0224682166846235,.0692139301449458
Sweden,se,swe,65,2,.0224786258294725,.0647624250035259
Sweden,se,swe,66,2,.0198635461144631,.066971045302808
Sweden,se,swe,67,2,.0174729696146624,.0748730554050324
Sweden,se,swe,68,2,.016036203635955,.0676982893516502
Sweden,se,swe,69,2,.0185715977963906,.0734747459327216
Sweden,se,swe,70,2,.0113981861795233,.066373137970231
Sweden,se,swe,71,2,.0162894140850346,.0728863628092939
Sweden,se,swe,72,2,.0145440183847741,.0735769780608083
Sweden,se,swe,73,2,.0178413947052265,.0682816448684406
Sweden,se,swe,74,2,.0159406827413535,.0757166018298129
Sweden,se,swe,75,2,.0186463839509503,.0699372008737497
Sweden,se,swe,76,2,.0135635806072689,.0786014405546388
Sweden,se,swe,77,2,.0177825585345046,.0747278497422283
Sweden,se,swe,78,2,.0144822610934077,.0645942509791927
Sweden,se,swe,79,2,.0144638813697262,.0772146025571927
Sweden,se,swe,80,2,.0142299717918318,.080182607865128
Sweden,se,swe,81,2,.0146469622962243,.0750033308670594
Sweden,se,swe,82,2,.007381822606499,.0688603435995436
Sweden,se,swe,83,2,.0110328839158604,.0770328306279267
Sweden,se,swe,84,2,.0113867758350467,.081838740216243
Sweden,se,swe,85,2,.0077201186042485,.0775344066298221
Sweden,se,swe,86,2,.0081990075951713,.0848819041806636
Sweden,se,swe,87,2,.0055038650568163,.0814989965511699
Sweden,se,swe,88,2,.0069769223212176,.0869175694508556
Sweden,se,swe,89,2,.0118947367616296,.0777460585121899
Sweden,se,swe,90,2,.0079526608402396,.075128008457534
Sweden,se,swe,91,2,.0105435741201805,.0786571827896567
Sweden,se,swe,92,2,.008977671828831,.0770227095457316
Sweden,se,swe,93,2,.0066712699917503,.0908895732635988
Sweden,se,swe,94,2,.0113518770027166,.0801734360469882
Sweden,se,swe,95,2,.0090685189001792,.0804839370122336
Sweden,se,swe,96,2,.0044583143052948,.0884757950765734
Sweden,se,swe,97,2,.0069256438431845,.0929989775514066
Sweden,se,swe,98,2,.0088353311743046,.0855340303639439
Sweden,se,swe,99,2,.0078203910727947,.0785998900789964
Sweden,se,swe,100,2,.0075144614666989,.0778012876853402
South Korea,kr,kor,1,1,.0214039239045726,.042038681335214
South Korea,kr,kor,2,1,.0127222173501709,.0515654679878628
South Korea,kr,kor,3,1,.0085267000544031,.0547725705317186
South Korea,kr,kor,4,1,.0071064334287238,.0549491004223285
South Korea,kr,kor,5,1,.0053220241496734,.0582450419586986
South Korea,kr,kor,6,1,.0040506685245269,.0591966372281992
South Korea,kr,kor,7,1,.0031654898738405,.0608536303500113
South Korea,kr,kor,8,1,.0025425728662899,.0627591605629532
South Korea,kr,kor,9,1,.0023088132612945,.0653916739109712
South Korea,kr,kor,10,1,.0019066712784174,.0663297421190611
South Korea,kr,kor,1,2,.0193487037176469,.0387285262487096
South Korea,kr,kor,2,2,.0231189417799981,.0413259183237585
South Korea,kr,kor,3,2,.0238604306577179,.040192749906397
South Korea,kr,kor,4,2,.0247056275829436,.0388925768225431
South Korea,kr,kor,5,2,.0239522670456226,.0403826155467729
South Korea,kr,kor,6,2,.0220493483076755,.0425812868124805
South Korea,kr,kor,7,2,.0200936127761742,.0457568051982254
South Korea,kr,kor,8,2,.0192238674153708,.0446468565039743
South Korea,kr,kor,9,2,.0197967679291918,.0423523233532903
South Korea,kr,kor,10,2,.0179126465997753,.0455310457671257
South Korea,kr,kor,11,2,.0148251116020709,.0469721313535378
South Korea,kr,kor,12,2,.0131052306544759,.0497823327556878
South Korea,kr,kor,13,2,.0135254880051834,.0505549911419109
South Korea,kr,kor,14,2,.0167491015123834,.0478863947267353
South Korea,kr,kor,15,2,.0111025630492375,.0570659944679954
South Korea,kr,kor,16,2,.0141948477862968,.0499291906006459
South Korea,kr,kor,17,2,.0118145371398753,.0527107052300115
South Korea,kr,kor,18,2,.0105169930012249,.053617111032271
South Korea,kr,kor,19,2,.0103999309181406,.0551808031796652
South Korea,kr,kor,20,2,.010995210166456,.051919772895994
South Korea,kr,kor,21,2,.0101955937241796,.0505638589378217
South Korea,kr,kor,22,2,.009438893492918,.0532230675091555
South Korea,kr,kor,23,2,.0102735669088293,.0557901374362912
South Korea,kr,kor,24,2,.0073098084052768,.0540922337115737
South Korea,kr,kor,25,2,.0105335314883394,.0547173806367411
South Korea,kr,kor,26,2,.0070679728782086,.057773773453097
South Korea,kr,kor,27,2,.0082306230198821,.0557665884131631
South Korea,kr,kor,28,2,.0066861316334292,.0585939735997591
South Korea,kr,kor,29,2,.0075113004412495,.0529322381763645
South Korea,kr,kor,30,2,.0080190407502077,.0542670380696431
South Korea,kr,kor,31,2,.0065981936424313,.0547533960356432
South Korea,kr,kor,32,2,.0051077378468206,.0560875081236458
South Korea,kr,kor,33,2,.0066041732066135,.0563424470027407
South Korea,kr,kor,34,2,.0085914103938557,.0524190255419994
South Korea,kr,kor,35,2,.0073316021605701,.0539796637564414
South Korea,kr,kor,36,2,.0062033667518733,.0562059351338245
South Korea,kr,kor,37,2,.0066733092291776,.0560865138768045
South Korea,kr,kor,38,2,.0078152460844813,.0534067128048087
South Korea,kr,kor,39,2,.00877946376612,.0560736873358742
South Korea,kr,kor,40,2,.0073404349118859,.0541556201015804
South Korea,kr,kor,41,2,.0056153131110368,.0603619279088782
South Korea,kr,kor,42,2,.0062896928046493,.0587815787327663
South Korea,kr,kor,43,2,.0050341912211829,.0552777185967124
South Korea,kr,kor,44,2,.0058167747528219,.0617008190594109
South Korea,kr,kor,45,2,.0061085548956144,.0557200548705399
South Korea,kr,kor,46,2,.00459530546046,.0579425612628356
South Korea,kr,kor,47,2,.00491319870619,.0614994100379827
South Korea,kr,kor,48,2,.005190237973171,.0569869444777841
South Korea,kr,kor,49,2,.0053633087275782,.0559558905289851
South Korea,kr,kor,50,2,.0042985697403509,.0581717706409296
South Korea,kr,kor,51,2,.0049529893371524,.0543933833897303
South Korea,kr,kor,52,2,.0064733502078338,.0583817441452568
South Korea,kr,kor,53,2,.0056353590522457,.0585434998954343
South Korea,kr,kor,54,2,.0019836601011468,.0635131333984871
South Korea,kr,kor,55,2,.0031142021012077,.0603487564182216
South Korea,kr,kor,56,2,.0036399850688859,.0568054077231211
South Korea,kr,kor,57,2,.0039041112166194,.0609890610945106
South Korea,kr,kor,58,2,.0031978611116664,.0580761570134924
South Korea,kr,kor,59,2,.0040640971842161,.0580566484589926
South Korea,kr,kor,60,2,.0035447923740802,.0628182806835653
South Korea,kr,kor,61,2,.0045652182215838,.0578026403389409
South Korea,kr,kor,62,2,.0036629789913227,.062135935164138
South Korea,kr,kor,63,2,.0027561445393365,.0618983986200427
South Korea,kr,kor,64,2,.0031026431145769,.0557807868555602
South Korea,kr,kor,65,2,.0036196056620078,.0591992744705548
South Korea,kr,kor,66,2,.0029929677655385,.0644901927695567
South Korea,kr,kor,67,2,.0031013642340726,.0627076570613624
South Korea,kr,kor,68,2,.002205118811916,.0620501857052166
South Korea,kr,kor,69,2,.0029889553946843,.0592900163189979
South Korea,kr,kor,70,2,.0026959966684428,.0630471977473152
South Korea,kr,kor,71,2,.0021653465497931,.0614446052643165
South Korea,kr,kor,72,2,.002096641572768,.0608753221593108
South Korea,kr,kor,73,2,.0028191446613482,.0690947863260209
South Korea,kr,kor,74,2,.0031757392843121,.0620297148435938
South Korea,kr,kor,75,2,.0019420268791525,.0694961447145515
South Korea,kr,kor,76,2,.0029151175792788,.0599482117937433
South Korea,kr,kor,77,2,.0018409515388658,.0606985570254997
South Korea,kr,kor,78,2,.0025690504400962,.0602791786907072
South Korea,kr,kor,79,2,.0023740656785665,.0634196900588938
South Korea,kr,kor,80,2,.0035104813926404,.060303835472557
South Korea,kr,kor,81,2,.00262291958915,.0646954186768182
South Korea,kr,kor,82,2,.0024617987286273,.0629578952395588
South Korea,kr,kor,83,2,.001347237430628,.0679771738361543
South Korea,kr,kor,84,2,.0020532987672718,.062521469554494
South Korea,kr,kor,85,2,.0022275523281638,.0654827914696582
South Korea,kr,kor,86,2,.0031409594851365,.0623714058445231
South Korea,kr,kor,87,2,.002926085449855,.0670376742435578
South Korea,kr,kor,88,2,.0024192986363984,.0646421050237479
South Korea,kr,kor,89,2,.0011777139767433,.067703477758974
South Korea,kr,kor,90,2,.0026957980641694,.068517594299347
South Korea,kr,kor,91,2,.0024922273722096,.067115539243617
South Korea,kr,kor,92,2,.0014347647507095,.063996018978065
South Korea,kr,kor,93,2,.001715696831799,.0657681517726186
South Korea,kr,kor,94,2,.0022649506049193,.0656452560087159
South Korea,kr,kor,95,2,.0024690427028327,.0643106098858459
South Korea,kr,kor,96,2,.001897751294934,.0687164568797268
South Korea,kr,kor,97,2,.0017124923370657,.0721770164362299
South Korea,kr,kor,98,2,.0018052036793502,.067915773289108
South Korea,kr,kor,99,2,.0019167141475665,.0625903759186396
South Korea,kr,kor,100,2,.0013629642163658,.0650927938398766
Japan,jp,jpn,1,1,.0047155928891769,.0592948804064996
Japan,jp,jpn,2,1,.0040796690860413,.0568327470464145
Japan,jp,jpn,3,1,.0029844447005533,.0527435172812335
Japan,jp,jpn,4,1,.0032133610976394,.0566372864513487
Japan,jp,jpn,5,1,.0032071561762632,.0685453716167638
Japan,jp,jpn,6,1,.0021408941880828,.0750246763538751
Japan,jp,jpn,7,1,.0031052824740499,.0787798885770982
Japan,jp,jpn,8,1,.0027123165995379,.0822338523750298
Japan,jp,jpn,9,1,.0034379127459406,.0843827881016794
Japan,jp,jpn,10,1,.0032509064481028,.0832878440096774
Japan,jp,jpn,1,2,.0063532064040804,.0682193674384115
Japan,jp,jpn,2,2,.0048684021900823,.0713393975376504
Japan,jp,jpn,3,2,.0039405787657707,.0497628127536383
Japan,jp,jpn,4,2,.0030992492085752,.0837475651991152
Japan,jp,jpn,5,2,.0058322232951364,.0386852367217826
Japan,jp,jpn,6,2,.0050433344014576,.0392820615349785
Japan,jp,jpn,7,2,.0020811489362879,.0668340402416612
Japan,jp,jpn,8,2,.0043351228918109,.068497495113775
Japan,jp,jpn,9,2,.006682973072074,.0501217873127208
Japan,jp,jpn,10,2,.0049910510208871,.0564325158017976
Japan,jp,jpn,11,2,.0057498228952027,.0450133493017708
Japan,jp,jpn,12,2,.0067062899761305,.0626533282017961
Japan,jp,jpn,13,2,.0047860551565976,.0466561347791467
Japan,jp,jpn,14,2,.002165235248355,.0667680362882942
Japan,jp,jpn,15,2,.0023271957508835,.0601701830583391
Japan,jp,jpn,16,2,.0022957450752123,.0630071199634378
Japan,jp,jpn,17,2,.0032639896319592,.0799078096507669
Japan,jp,jpn,18,2,.0004963037256069,.0516293676874807
Japan,jp,jpn,19,2,.0106687067661104,.039320218212996
Japan,jp,jpn,20,2,.0019067806131815,.0565986347263658
Japan,jp,jpn,21,2,.0006491468907503,.0763191961286414
Japan,jp,jpn,22,2,.0035079046791672,.0391556288451316
Japan,jp,jpn,23,2,.0024925485834751,.0451297115332692
Japan,jp,jpn,24,2,.0050997892313595,.0628616456442522
Japan,jp,jpn,25,2,.0015236272835142,.0558948745587177
Japan,jp,jpn,26,2,.0068735019258819,.0516590696502172
Japan,jp,jpn,27,2,.0011717863721489,.0443420365803181
Japan,jp,jpn,28,2,.0028633146626872,.058595988340301
Japan,jp,jpn,29,2,.0040951076443464,.0350110573034325
Japan,jp,jpn,30,2,.0022550842400439,.0579620316325341
Japan,jp,jpn,31,2,.0034064918865847,.0469255702546499
Japan,jp,jpn,32,2,.0054031012968494,.0597197464338203
Japan,jp,jpn,33,2,.0033072698859536,.056447407695132
Japan,jp,jpn,34,2,.0023485456888765,.0440938285228363
Japan,jp,jpn,35,2,.0057959211450115,.0418653273991455
Japan,jp,jpn,36,2,.0049289854249303,.048423947034082
Japan,jp,jpn,37,2,.0028095093917549,.0575295438844641
Japan,jp,jpn,38,2,.000624503907013,.0737330676558186
Japan,jp,jpn,39,2,.0015418950287577,.0684601929837165
Japan,jp,jpn,40,2,.0014610262641086,.0744874317733519
Japan,jp,jpn,41,2,.0081875497937512,.0614737339307778
Japan,jp,jpn,42,2,.0002439198668088,.0712813014554614
Japan,jp,jpn,43,2,.0076555216625392,.056655260309124
Japan,jp,jpn,44,2,.0026351649448744,.0587540204337711
Japan,jp,jpn,45,2,.0005762714049287,.0766381831831233
Japan,jp,jpn,46,2,.0026468108362713,.0737982235260735
Japan,jp,jpn,47,2,.0017441328646224,.0798340382761532
Japan,jp,jpn,48,2,.0055261607495049,.0627389402953571
Japan,jp,jpn,49,2,.0004503195016484,.0855925509655455
Japan,jp,jpn,50,2,.0021469717977451,.0637289454630725
Japan,jp,jpn,51,2,.0016468914130325,.0759658663132523
Japan,jp,jpn,52,2,.0013508126337916,.0852365432204694
Japan,jp,jpn,53,2,.0010752608979796,.0893882443656413
Japan,jp,jpn,54,2,.003256305551582,.0600568818144659
Japan,jp,jpn,55,2,.0004761061867828,.0747886319125575
Japan,jp,jpn,56,2,.0090208090942516,.0686641410810331
Japan,jp,jpn,57,2,.0018074557623086,.0672571421093174
Japan,jp,jpn,58,2,.0007608983794986,.0658606993635922
Japan,jp,jpn,59,2,.0008392710424632,.0832390028409718
Japan,jp,jpn,60,2,.0003513760381673,.0853267086259962
Japan,jp,jpn,61,2,.0074855653129983,.0701474809366464
Japan,jp,jpn,62,2,.0030680193400897,.0681326915836262
Japan,jp,jpn,63,2,.001798275704269,.0674686861710957
Japan,jp,jpn,64,2,.0002967696791292,.0831370957167621
Japan,jp,jpn,65,2,.0060317948995526,.0714652250260614
Japan,jp,jpn,66,2,.0014167641308935,.1144277500624153
Japan,jp,jpn,67,2,.0023463565651595,.0794933797601611
Japan,jp,jpn,68,2,.0009225905370552,.0813450306153236
Japan,jp,jpn,69,2,.0017552749896117,.0770164742412901
Japan,jp,jpn,70,2,.0065459382551743,.0754034703864201
Japan,jp,jpn,71,2,.0032127509042848,.071998173116395
Japan,jp,jpn,72,2,.0023787861113679,.0725776167704636
Japan,jp,jpn,73,2,.0087103093844243,.0886974051582888
Japan,jp,jpn,74,2,.0019697660732889,.0795218644573137
Japan,jp,jpn,75,2,.0005294382469285,.0877745644448151
Japan,jp,jpn,76,2,.0032138228499541,.0952119189267292
Japan,jp,jpn,77,2,.0025839735600187,.0842302545841107
Japan,jp,jpn,78,2,.003778553504814,.0765567477010008
Japan,jp,jpn,79,2,.0008494108689246,.0953948508287687
Japan,jp,jpn,80,2,.0024554086482967,.0768068325422946
Japan,jp,jpn,81,2,.0011344623722109,.0880968661734592
Japan,jp,jpn,82,2,.0017325419933859,.0827202383132877
Japan,jp,jpn,83,2,.0073826893312177,.0862597655212925
Japan,jp,jpn,84,2,.002257353547783,.0889103683185476
Japan,jp,jpn,85,2,.0065096949853837,.0881399738438293
Japan,jp,jpn,86,2,.0020869526337305,.0855602731019198
Japan,jp,jpn,87,2,.0025245922239276,.0821670989866211
Japan,jp,jpn,88,2,.0035055081728271,.0768705173629457
Japan,jp,jpn,89,2,.0051709812429947,.0784770272948895
Japan,jp,jpn,90,2,.0019230081045322,.0867986516694815
Japan,jp,jpn,91,2,.0019818733983699,.0952303544677996
Japan,jp,jpn,92,2,.0009633809647229,.087740367609353
Japan,jp,jpn,93,2,.0025200943114658,.0931707953945253
Japan,jp,jpn,94,2,.0055820219456933,.0841536345972884
Japan,jp,jpn,95,2,.0024375962311801,.062193288684786
Japan,jp,jpn,96,2,.0015778288998332,.0890285451590743
Japan,jp,jpn,97,2,.0021782460927268,.0814694523230508
Japan,jp,jpn,98,2,.00316309577301,.0789493391325693
Japan,jp,jpn,99,2,.0062768917643827,.0768214987225256
Japan,jp,jpn,100,2,.0058119728791817,.0857725717741891
United Kingdom,uk,gbr,1,1,.0117510063429879,.0264595045695458
United Kingdom,uk,gbr,2,1,.0046095550474468,.0177024666242781
United Kingdom,uk,gbr,3,1,.0050241270343119,.0296112460015901
United Kingdom,uk,gbr,4,1,.0048758986563677,.039527333839218
United Kingdom,uk,gbr,5,1,.0050448821772924,.0418279609798508
United Kingdom,uk,gbr,6,1,.0053368132376659,.0497678356066886
United Kingdom,uk,gbr,7,1,.0058496450262747,.0550328955596677
United Kingdom,uk,gbr,8,1,.0048499889548379,.0562148907227217
United Kingdom,uk,gbr,9,1,.0045399170021324,.0577408444725365
United Kingdom,uk,gbr,10,1,.0035568792483987,.055698963749327
United Kingdom,uk,gbr,1,2,.0117510063429879,.0264595045695458
United Kingdom,uk,gbr,2,2,.,.
United Kingdom,uk,gbr,3,2,.,.
United Kingdom,uk,gbr,4,2,.,.
United Kingdom,uk,gbr,5,2,.,.
United Kingdom,uk,gbr,6,2,.,.
United Kingdom,uk,gbr,7,2,.,.
United Kingdom,uk,gbr,8,2,.,.
United Kingdom,uk,gbr,9,2,.,.
United Kingdom,uk,gbr,10,2,.,.
United Kingdom,uk,gbr,11,2,.,.
United Kingdom,uk,gbr,12,2,.0041803693987856,.0147467481663448
United Kingdom,uk,gbr,13,2,.0041143988674148,.014294673410369
United Kingdom,uk,gbr,14,2,.0066827173974383,.0201544317804876
United Kingdom,uk,gbr,15,2,.003034344027569,.0142119153602948
United Kingdom,uk,gbr,16,2,.0055278634412651,.0183077291007424
United Kingdom,uk,gbr,17,2,.0043934683306843,.0133661358618564
United Kingdom,uk,gbr,18,2,.0042003347568251,.0162360266489838
United Kingdom,uk,gbr,19,2,.0067600969717363,.0258243144906925
United Kingdom,uk,gbr,20,2,.0024904665628754,.0215752387384997
United Kingdom,uk,gbr,21,2,.0056935449199582,.0240925054094074
United Kingdom,uk,gbr,22,2,.0053007454123239,.0229295656203102
United Kingdom,uk,gbr,23,2,.0051121943316388,.031854034981214
United Kingdom,uk,gbr,24,2,.0047443342306444,.0234537390531328
United Kingdom,uk,gbr,25,2,.0049098514045899,.0302088162373745
United Kingdom,uk,gbr,26,2,.0039510502894068,.0345639453569224
United Kingdom,uk,gbr,27,2,.0061165720056608,.0176626231036811
United Kingdom,uk,gbr,28,2,.0038701771084584,.0384872533249715
United Kingdom,uk,gbr,29,2,.0047551141939633,.0361441457666773
United Kingdom,uk,gbr,30,2,.00587821550242,.0366326190262992
United Kingdom,uk,gbr,31,2,.0054801946561128,.0311213239360873
United Kingdom,uk,gbr,32,2,.0049762767988564,.0344671485824053
United Kingdom,uk,gbr,33,2,.0045209763925877,.0380475773475933
United Kingdom,uk,gbr,34,2,.0050058263980633,.0436492638246779
United Kingdom,uk,gbr,35,2,.0024049374533114,.0422175090515533
United Kingdom,uk,gbr,36,2,.0091728569275858,.0374075431525743
United Kingdom,uk,gbr,37,2,.0033643055588897,.0498126999370411
United Kingdom,uk,gbr,38,2,.00278663752391,.0369990249983888
United Kingdom,uk,gbr,39,2,.0043789647497294,.0351868439062015
United Kingdom,uk,gbr,40,2,.0066908466572711,.046419892983635
United Kingdom,uk,gbr,41,2,.0046965648234567,.0396870203075763
United Kingdom,uk,gbr,42,2,.0051177089399402,.0390710825631622
United Kingdom,uk,gbr,43,2,.0035004424409564,.0464447607560126
United Kingdom,uk,gbr,44,2,.0057005116165369,.0442843595677439
United Kingdom,uk,gbr,45,2,.0038169840944728,.0382712000470966
United Kingdom,uk,gbr,46,2,.0042236001051564,.0420367066924863
United Kingdom,uk,gbr,47,2,.0065480582317231,.0341289987699253
United Kingdom,uk,gbr,48,2,.008770757352355,.0409061033712546
United Kingdom,uk,gbr,49,2,.005098889746632,.0446713763324563
United Kingdom,uk,gbr,50,2,.0031538563706749,.0490684118669284
United Kingdom,uk,gbr,51,2,.0059633806646739,.048599208225846
United Kingdom,uk,gbr,52,2,.0032152535832645,.0397385395255697
United Kingdom,uk,gbr,53,2,.0065841896361072,.0482863721086525
United Kingdom,uk,gbr,54,2,.0067586142614739,.0586058601158346
United Kingdom,uk,gbr,55,2,.0026463368368368,.0597385919831285
United Kingdom,uk,gbr,56,2,.0053417220005808,.0439419724486399
United Kingdom,uk,gbr,57,2,.0069561609313872,.0546763247734261
United Kingdom,uk,gbr,58,2,.0048839052757767,.0437962340326057
United Kingdom,uk,gbr,59,2,.005806375845887,.0510922429130071
United Kingdom,uk,gbr,60,2,.005233804914301,.0492203696904109
United Kingdom,uk,gbr,61,2,.0060945545484526,.0477139023505342
United Kingdom,uk,gbr,62,2,.0040967525893477,.066060787424194
United Kingdom,uk,gbr,63,2,.0048925545200602,.061267075493881
United Kingdom,uk,gbr,64,2,.0054296252114011,.0491351656089472
United Kingdom,uk,gbr,65,2,.0059804311021613,.0552522768861454
United Kingdom,uk,gbr,66,2,.0049532861950734,.0539062397487893
United Kingdom,uk,gbr,67,2,.0036870625976973,.0600251536873425
United Kingdom,uk,gbr,68,2,.0063256056772074,.0514782585618951
United Kingdom,uk,gbr,69,2,.0115617149932147,.0498825248105425
United Kingdom,uk,gbr,70,2,.0054496882362541,.0560263816424561
United Kingdom,uk,gbr,71,2,.0049833633765908,.0536084240691623
United Kingdom,uk,gbr,72,2,.0045698697392236,.0524669260717766
United Kingdom,uk,gbr,73,2,.0048673878332,.0547859873867919
United Kingdom,uk,gbr,74,2,.0036469161809111,.0566295757803043
United Kingdom,uk,gbr,75,2,.0045757669375098,.0645116135992343
United Kingdom,uk,gbr,76,2,.0042925838776394,.0578158550852269
United Kingdom,uk,gbr,77,2,.0077109397193376,.0502008584171925
United Kingdom,uk,gbr,78,2,.0036397515603179,.0632715240137126
United Kingdom,uk,gbr,79,2,.0046569265953558,.0515248180637977
United Kingdom,uk,gbr,80,2,.0055771439576808,.0573474675841942
United Kingdom,uk,gbr,81,2,.004538772787327,.0636700315299542
United Kingdom,uk,gbr,82,2,.0061955233553136,.0549101370031654
United Kingdom,uk,gbr,83,2,.0036870590394151,.0563493901870099
United Kingdom,uk,gbr,84,2,.0034826756127093,.0625062438016375
United Kingdom,uk,gbr,85,2,.0047108529174682,.0529468186933424
United Kingdom,uk,gbr,86,2,.0037191510993106,.0600439843126344
United Kingdom,uk,gbr,87,2,.0031909188079276,.0579551825042196
United Kingdom,uk,gbr,88,2,.0062766363295585,.0495384644167025
United Kingdom,uk,gbr,89,2,.006576252327534,.0640090587049884
United Kingdom,uk,gbr,90,2,.0028765262657722,.0555353966517759
United Kingdom,uk,gbr,91,2,.0028640391560411,.0589593582255205
United Kingdom,uk,gbr,92,2,.003186419524386,.0559907193298595
United Kingdom,uk,gbr,93,2,.0037313727571986,.0575492296476728
United Kingdom,uk,gbr,94,2,.0033834831652463,.0591018023471728
United Kingdom,uk,gbr,95,2,.00279728391826,.0608731839071657
United Kingdom,uk,gbr,96,2,.0026395871310349,.0506103780320903
United Kingdom,uk,gbr,97,2,.0047182336290498,.0595667809679966
United Kingdom,uk,gbr,98,2,.0050526803179538,.0523911504372335
United Kingdom,uk,gbr,99,2,.0032873028594438,.0515265364902252
United Kingdom,uk,gbr,100,2,.0039497151486766,.050430121806063
United States,us,usa,1,1,.0026449478334344,.0068008640077521
United States,us,usa,2,1,.0020368924845104,.0087366919649437
United States,us,usa,3,1,.0022300985009349,.0154359837965067
United States,us,usa,4,1,.0020326822669413,.0181143000269813
United States,us,usa,5,1,.002054543810612,.0189792624990501
United States,us,usa,6,1,.0018259457560198,.0197212738770741
United States,us,usa,7,1,.0019644889676189,.0188890610914092
United States,us,usa,8,1,.0016626107778487,.0191570257568976
United States,us,usa,9,1,.0013924313681604,.0190934264273501
United States,us,usa,10,1,.0011741876070863,.0181225421668159
United States,us,usa,1,2,.0027618288514896,.0071152843760228
United States,us,usa,2,2,.,.
United States,us,usa,3,2,.,.
United States,us,usa,4,2,.,.
United States,us,usa,5,2,.,.
United States,us,usa,6,2,.,.
United States,us,usa,7,2,.,.
United States,us,usa,8,2,.,.
United States,us,usa,9,2,.00258124557374,.0051221052773721
United States,us,usa,10,2,.0013086267455716,.0054492817858921
United States,us,usa,11,2,.0013347050883388,.0052206205209574
United States,us,usa,12,2,.0011596796750648,.0047365698363937
United States,us,usa,13,2,.0020217000420815,.0061263052813061
United States,us,usa,14,2,.0016698291200458,.0075279833189142
United States,us,usa,15,2,.0023705671350764,.0083821762597674
United States,us,usa,16,2,.0026600688192731,.0097328165441676
United States,us,usa,17,2,.0020057037957388,.0103102245428337
United States,us,usa,18,2,.0024212867500152,.0115112177561665
United States,us,usa,19,2,.0022774728896018,.0111668337661275
United States,us,usa,20,2,.0023975288328568,.0124188981658042
United States,us,usa,21,2,.0022395539001217,.0131672909912408
United States,us,usa,22,2,.0023076427488736,.0132238181019251
United States,us,usa,23,2,.0019393575308084,.0150776392050399
United States,us,usa,24,2,.0022893914212092,.0145251288883894
United States,us,usa,25,2,.0022497145077351,.0160899303246859
United States,us,usa,26,2,.0022492985721521,.0145127531717534
United States,us,usa,27,2,.0022884248738778,.0177020546258469
United States,us,usa,28,2,.0022105749335797,.0160409258935335
United States,us,usa,29,2,.0024375651250809,.0172848093701144
United States,us,usa,30,2,.0021187218254005,.016755204673362
United States,us,usa,31,2,.0017191556645853,.0171841533582529
United States,us,usa,32,2,.0022989012284288,.0163099760660865
United States,us,usa,33,2,.0020392154161244,.0177961072962814
United States,us,usa,34,2,.0019713111653195,.0191451888204079
United States,us,usa,35,2,.0018275572413229,.0175912680550742
United States,us,usa,36,2,.0018839212460789,.0190190454883732
United States,us,usa,37,2,.0023385998634741,.01749759574523
United States,us,usa,38,2,.002251630738943,.0179222204423517
United States,us,usa,39,2,.0019378901810559,.0191114568124474
United States,us,usa,40,2,.0020047667625255,.0197663602984871
United States,us,usa,41,2,.0019743943869438,.018900662135891
United States,us,usa,42,2,.0010920882197098,.0198042244315906
United States,us,usa,43,2,.0027682426945802,.0189277964775994
United States,us,usa,44,2,.0022077036405941,.0184747124226745
United States,us,usa,45,2,.0011840633337126,.0201301091351409
United States,us,usa,46,2,.0025460428452797,.0182739939496773
United States,us,usa,47,2,.0018480569552154,.0197371158968826
United States,us,usa,48,2,.0028648688494086,.0181077073258442
United States,us,usa,49,2,.0018317759475621,.0175774071857075
United States,us,usa,50,2,.0021409252321242,.0198810721612432
United States,us,usa,51,2,.0016091413563481,.0212860218144797
United States,us,usa,52,2,.0016032404016088,.0202066882330249
United States,us,usa,53,2,.0033762687384442,.0174457025809111
United States,us,usa,54,2,.0018008839064716,.0198065840046275
United States,us,usa,55,2,.0014781814546867,.0186990205862635
United States,us,usa,56,2,.0015767636070217,.0193441865088067
United States,us,usa,57,2,.0019900106761884,.020146880896098
United States,us,usa,58,2,.0018659217926213,.0189428952572781
United States,us,usa,59,2,.0018336818639524,.0215586699150905
United States,us,usa,60,2,.0011264301498026,.0197589185338347
United States,us,usa,61,2,.0034248464607109,.0167821201137561
United States,us,usa,62,2,.001699611718678,.0190638547929758
United States,us,usa,63,2,.0016851147704617,.0185543359206932
United States,us,usa,64,2,.0013736560866745,.0204953879449612
United States,us,usa,65,2,.0025240242244089,.0182390885298209
United States,us,usa,66,2,.0013113834612228,.0197924013436696
United States,us,usa,67,2,.0014167068433279,.0204142020458572
United States,us,usa,68,2,.0027078314420176,.0161176606459492
United States,us,usa,69,2,.0016737908997982,.0195481691654342
United States,us,usa,70,2,.0018316330498689,.019865704901755
United States,us,usa,71,2,.0021338014234803,.0191078576474386
United States,us,usa,72,2,.001424968930057,.0209040941346619
United States,us,usa,73,2,.0015359894675372,.0196246956510238
United States,us,usa,74,2,.0019152557324348,.0181636419593163
United States,us,usa,75,2,.0012870830284569,.0188016850541743
United States,us,usa,76,2,.0018548232055543,.0191999329896587
United States,us,usa,77,2,.0019982647785167,.0190028616400534
United States,us,usa,78,2,.0010174639914194,.0192468408974286
United States,us,usa,79,2,.0021260251063057,.0183292668617844
United States,us,usa,80,2,.0013428862235658,.0191720228318898
United States,us,usa,81,2,.0014758985806553,.0203175086164749
United States,us,usa,82,2,.001041367615196,.0201839325295813
United States,us,usa,83,2,.0017753004179899,.018344756330182
United States,us,usa,84,2,.0015790203828484,.0186018151744361
United States,us,usa,85,2,.0013052072512126,.0187530727394229
United States,us,usa,86,2,.0020932888409348,.0168810227523693
United States,us,usa,87,2,.0011086333297695,.0188407339349813
United States,us,usa,88,2,.0011629734231622,.0191045076247542
United States,us,usa,89,2,.0010879196692646,.0201872907288624
United States,us,usa,90,2,.0012931898827251,.0197217916402846
United States,us,usa,91,2,.0012243255502759,.0187962360327735
United States,us,usa,92,2,.0011256748624569,.019116655605788
United States,us,usa,93,2,.0010659229594491,.0180767091062256
United States,us,usa,94,2,.0012378851600674,.0195255778406793
United States,us,usa,95,2,.0012795945401477,.0181479707295541
United States,us,usa,96,2,.0010667636423122,.0180537305073429
United States,us,usa,97,2,.0011435770406775,.0179937943879174
United States,us,usa,98,2,.0011217795653789,.0173226552253815
United States,us,usa,99,2,.001161855595984,.016605460214343
United States,us,usa,100,2,.0013139728537353,.0175879671163366
