cname,iso2,rname,year,t1,t2,t3,t4,t5,t6,t7,t8,t9
France,fr,pv5,2010,.8806357051008236,.840162433761248,.3759357877379817,.225637222321944,.2829793977655782,.4913974630954736,.1303085587761334,.1567537342008506,.4578809406222695
France,fr,pv6,2010,.8995659862470093,.8616936113265075,.4040159167600468,.2506581639005995,.3186887056741458,.5529920144793139,.1764358760507525,.1960359718080567,.5373513657257911
France,fr,rent,2010,0,0,.0070006276590966,.0013832357407255,0,.0003327048236755,0,0,.0015879648976181
France,fr,care,2010,1,1,0,0,.1478773430725741,.1638099068947411,.1908421579914852,.0487186546148943,.3388633604608357
France,fr,pv5,2011,.876199680856691,.8344065595404169,.3735010140529185,.2273900794048462,.2870817177388819,.4698175570102982,.1384076680372062,.1592421619313584,.4899333917314097
France,fr,pv6,2011,.8958443356052472,.8613681895804924,.3966751684319609,.2522774677339698,.3157399061349162,.5258872516393764,.1832832653355898,.1980733425052189,.5500290474417683
France,fr,rent,2011,.0002164547956907,0,.0064751462396946,.0009170742688491,0,.0010048625187823,0,0,.0013052410807422
France,fr,care,2011,1,1,0,0,.1516109104574048,.1601807684277643,.1906550665921931,.0486201202431372,.3647871916987928
France,fr,pv5,2012,.8818059151437617,.8330038821982383,.3793696907820474,.2226057276090112,.287405929223695,.4827312966132662,.1423555471127005,.1655785827713379,.4438153224662632
France,fr,pv6,2012,.8994604356075375,.8584154783173239,.4029191884674195,.2434995233841076,.3142680226574318,.5406398990774095,.1881306358691333,.213094610533122,.4929066397898395
France,fr,rent,2012,.0001064068978811,0,.0050000036816162,.0005875832004125,.0002002606748416,0,.0000954844873901,0,.0025554709646038
France,fr,care,2012,1,1,0,0,.1533626425653568,.1545322205340729,.1914644937957818,.0418428695611945,.3519652449234674
France,fr,pv5,2013,.8854315825553244,.8410434882229675,.3579762062347648,.2061128664823442,.2881699917367795,.4631890551192703,.1430863695170526,.1469376913729684,.4475811855047641
France,fr,pv6,2013,.9036648487399138,.8628403614227134,.3845684358475299,.2295505139998767,.3165087741147895,.5189724966841294,.1880039430253288,.1836876418714307,.531989413017625
France,fr,rent,2013,.0001295657310962,0,.000435862909918,0,0,0,0,0,0
France,fr,care,2013,1,1,.6547773510753412,.6520707362654585,.7272791074168061,.8222260199663634,.800834606474106,.7212571831008208,.8243682193572891
France,fr,pv5,2014,.8904850963997883,.841925576295518,.3606125260800283,.2035557850451432,.2975790721067972,.4742695650599064,.1317904442327339,.1687968486777614,.4750056579331818
France,fr,pv6,2014,.9098411430764177,.864062864091198,.3851372550608373,.227433761314487,.3263271597927401,.534224339376334,.1718851720752939,.2056629554282928,.5606274106159427
France,fr,rent,2014,.0002029932217858,0,.0014649710534863,.0001915818761398,0,0,0,0,.0022449610522175
France,fr,care,2014,1,1,.6566642677207565,.6518831413617902,.7286003215970086,.8230671517872856,.8046507368613387,.7212891674079901,.8407631143154828
France,fr,pv5,2015,.8726995885759422,.8594855368156424,.3619209896568127,.2023891956328186,.2961043825885745,.451145030036939,.1391172505883532,.1649776066075734,.4746550831215571
France,fr,pv6,2015,.8905999701304455,.8826418291495775,.3910157929352241,.2271755099755265,.3280288068793378,.4986759577152936,.1746928719886592,.2084195597704396,.5408205454077396
France,fr,rent,2015,.0001044467530078,0,.0013101053428332,.0001030246228741,0,0,0,0,0
France,fr,care,2015,1,1,.654730381878138,.6569280902952004,.7298995212087692,.8240292588630675,.8017812698536225,.7268004213255731,.8359351839779985
France,fr,pv5,2016,.8762731883186778,.8446690529079712,.3671567698638277,.1930180204695555,.2877006222994666,.468179172802197,.1446660294316393,.1637546270364587,.4149530039078081
France,fr,pv6,2016,.8963685449981229,.8679351688740556,.3963770355415127,.2173656988432177,.323283239348594,.5241366234682583,.182113519179793,.2086931266929691,.4722224278065124
France,fr,rent,2016,.0001469244777146,0,.0009991878037877,.0001205514339195,0,0,0,0,.0033209291579158
France,fr,care,2016,1,1,.6547024419842961,.652271807135241,.72235822536782,.8292338783226212,.8041138591428618,.7432556301907015,.8693538371269875
France,fr,pv5,2017,.879050218801453,.8463856472657223,.3648352206805086,.1848004607286587,.2862303266365038,.466027518447054,.1443671179685472,.1583806474225976,.4592751024248572
France,fr,pv6,2017,.8959713440276779,.8688453780679797,.3975348629379129,.2117529884653227,.3228492403429464,.5137376613846123,.1772392513095954,.2051429614095443,.4861468634656754
France,fr,rent,2017,0,.0001420995020091,.0012460543513541,0,.0001099459268558,0,0,0,.0016505348340099
France,fr,care,2017,1,1,.6641283343949735,.6384971697937225,.7279935722062938,.8168529593792101,.7944816637400628,.7345685039084814,.8460182855865049
France,fr,pv5,2018,.8931678190766007,.8670933896223794,.3635893874567065,.1824900638827929,.2778763744603428,.4502502509382399,.1437711135609383,.1525753117424699,.470497678847809
France,fr,pv6,2018,.9115286070934411,.8876649127541143,.3906726996695682,.2068263497735467,.3082008512596822,.4989695262899352,.1808359127097869,.1896031844184251,.5704430313706479
France,fr,rent,2018,.743354163432093,.9074401821966845,.5874862514008107,.7057877721604677,.8202743022233694,.7750898040352413,.8399858243110204,.8567885714040093,.7803985440574526
France,fr,care,2018,1,1,.6592922978791115,.649351448410014,.7350423536369219,.8133993364439059,.8016414842861734,.7172520468887791,.8528829139901426
France,fr,pv5,2019,.8898641049130253,.861290125934177,.3557011526918266,.1770373861309197,.2816982294218552,.4362516641321607,.1426857738190291,.1371734998017025,.5238703078909094
France,fr,pv6,2019,.9070704819731936,.8844518277716805,.3816485503404047,.2003239468046442,.3099967502313765,.4896020307663598,.1808888138840698,.1803670766347946,.6029551513243839
France,fr,rent,2019,.7574939896669373,.9108604538774359,.5716671266150838,.6821517233069371,.81784191637112,.777279886019464,.8372044411405125,.8431479210094801,.768655335952645
France,fr,care,2019,1,1,.6671532647401208,.6499167200652628,.7371442539586074,.8261667763397594,.7978295250571776,.7094478451913209,.8427086052607365
Japan,jp,pv5,2010,.4156803138087954,.0707576012174696,.1627472895665311,.0907338043593339,.0883776999252693,.3743773539370482,.0834716928555809,.1134154594826808,.0976800335113117
Japan,jp,pv6,2010,.4756892454195853,.1934413491370491,.2607510100479156,.1307325615597291,.1279016888554308,.4406613115845056,.1329568001799793,.1723874115153323,.1762110415285732
Japan,jp,rent,2010,.0792755086607346,.1210921423223537,.0885791039360099,.1129632078624853,.1294474543528826,.2511004053501216,.1581346064973122,.146306724024967,.0820299551547228
Japan,jp,care,2010,1,1,0,0,.2398012690240352,.109085454043676,.1381571939606336,.1704535048078268,.3599078311876789
Japan,jp,pv5,2011,.4112040784856781,.1288789851256044,.2196356639960489,.0886598420539449,.0955446353479307,.2874107521299438,.0561983277449927,.1647157630680008,.1495666387300406
Japan,jp,pv6,2011,.4857480021841512,.1925330108864959,.3232734096419155,.1522242492659531,.1427179455225542,.3113659631557117,.125435234018467,.1932467017150717,.2248213418397497
Japan,jp,rent,2011,.1380327516101931,.0778077907713259,.1498933538886875,.1519610767712791,.1667777239631427,.3764556691113922,.1918049712097543,.2082282479176178,.1652327200733842
Japan,jp,care,2011,1,1,0,0,.2476433935030606,.1073133416188553,.1532577950332432,.1556581426811104,.3538047495578039
Japan,jp,pv5,2012,.3804463305986285,.1714423611175674,.2007588179102971,.0687243597938512,.1062297484963947,.4398652130594593,.0674380592390072,.1105095267860496,.1070263299093821
Japan,jp,pv6,2012,.485116742932141,.2437142507162953,.2870336231709034,.0925836268695257,.1582663361162222,.4398652130594593,.1637230974442425,.1578999889230951,.1426695921531573
Japan,jp,rent,2012,.1860522501721056,.110333123177193,.1368453707912376,.1444834324282515,.1476771519956819,.3129925698816784,.1469675599917351,.1448500598728361,.1697054206981643
Japan,jp,care,2012,1,1,0,0,.250847822748798,.0594448943031531,.1482907664643228,.155234271215531,.3549955908408964
Japan,jp,pv5,2013,.33194766034204,.0902989837998384,.1971121843391371,.0684579715379765,.1128467570704713,.2241087391897271,.0462578231757474,.0974954273675314,.0643873410900043
Japan,jp,pv6,2013,.4091158253001212,.1638259021520144,.2634532655986827,.0986652443343572,.1530296380312432,.2772832044486502,.1102308668434286,.1338695850737046,.1216381015442458
Japan,jp,rent,2013,.111991847939921,.0838503979203917,.1173741843912025,.0976961762883824,.1153661446189331,.2975053180100066,.1424932760361286,.1032859208905039,.1641407647947541
Japan,jp,care,2013,1,1,0,0,.2690283986591434,.0535308563199368,.1363767517319879,.1518486484908606,.366429222791495
Japan,jp,pv5,2014,.3247961132592196,.0964119336620851,.1359170701246201,.0922235580096294,.0835226757823835,.3414559464974743,.0481322318402992,.0716389437388056,.0872919155158984
Japan,jp,pv6,2014,.4145595065539653,.1720801444931075,.2103594611881154,.1124138758226787,.1280331215571037,.3612301895675239,.0960383628997214,.1236882157271735,.1140914538176662
Japan,jp,rent,2014,.1275906023097068,.1184621434726658,.1236819407596191,.1141109650831277,.1264712195402241,.1294722083092055,.1363816207975525,.1176382814374266,.1238208440389556
Japan,jp,care,2014,1,1,0,0,.2786772426733367,.0519434517876822,.1410743958803716,.1447793301253416,.3782229243527983
Japan,jp,pv5,2015,.3891751867199759,.1220727738636987,.1320422501197609,.1167883831838639,.1160256419075346,.2331174696117246,.0566168795625033,.0945759758755272,.0806148997797901
Japan,jp,pv6,2015,.4616988522712367,.243334412132409,.2139969109826342,.1591504577469414,.1479789627020721,.3382228620945256,.1058966597709371,.1402927408829752,.1335820105617733
Japan,jp,rent,2015,.1122727583809582,.0824838772040638,.0958799963444432,.0776199121239182,.1171752153240104,.0514353464104327,.1199116878558786,.1128807936185785,.135331161856431
Japan,jp,care,2015,1,1,0,0,.280207601422177,.0738106601863868,.142229521539985,.1353820417217665,.3622621547737149
Japan,jp,pv5,2016,.3540651802586433,.0983935337828457,.1486809274895177,.0637899751019665,.1091145074273012,.3451978738298289,.0493137754174102,.0762717373483043,.2087210997889855
Japan,jp,pv6,2016,.3948783631648898,.1913853985387201,.206016517319175,.0937933299996656,.1578184967750589,.3875881744866301,.0926224910332927,.0966262492464525,.240966607683856
Japan,jp,rent,2016,.1684621401459417,.1555859463212289,.0889368526996065,.0833660136578379,.0951343101869836,.264108666408095,.109827989594569,.1146303904397965,.1641190679832087
Japan,jp,care,2016,1,1,.0034600457946882,.0284293152658397,.2963553838689818,.1295601845592594,.1343314732354629,.1560564058835158,.3945257206094837
Japan,jp,pv5,2017,.3178320920129237,.1365849606270633,.153454657371931,.0604246740473334,.0979951849307361,.3340535345094182,.0462781708281573,.0672437410280307,.2683698708275617
Japan,jp,pv6,2017,.4377777932266714,.2944285663958023,.190133134830289,.0869641911899909,.1320809362192715,.3518254506436957,.1003764917271181,.0812900921006101,.3004474223949158
Japan,jp,rent,2017,.1582872413139157,.1537767859307896,.1195667944111143,.0846221804690359,.1220847502122904,.118985482273551,.1150924574700543,.0987693540033607,.1139648486842636
Japan,jp,care,2017,1,1,.0194423681939107,.0079980272435296,.2961882448479922,.1040365204606374,.1294051240597044,.1608459551525632,.3724363994497387
Japan,jp,pv5,2018,.3467335620294527,.1157925260947325,.1580227194032711,.0555046257168338,.1000385950562772,.2222054289033787,.058256479543539,.1068140665363991,.0728928727441717
Japan,jp,pv6,2018,.3953812705735788,.2013027384264385,.1962128914854274,.0794397494963757,.1521457528359058,.3116807053021874,.0854090261521878,.1359115139057775,.1330080235236327
Japan,jp,rent,2018,.2282710498828777,.1532994849070052,.1665788268047839,.1110061301533351,.1932876324793746,.2268069108972652,.1705848850723908,.2219555624409865,.1683007971746577
Japan,jp,care,2018,1,1,.0252066374607332,.0146668228718973,.2769251190497601,.0420206698139692,.152754092141502,.1447564688314884,.3719400920003694
Japan,jp,pv5,2019,.2854945226860157,.1217089438959863,.1229470269844332,.0525254449456676,.1081167682819618,.1268989759670764,.0440850540737348,.1048859721760042,.0859443518322844
Japan,jp,pv6,2019,.3856299847102148,.2063937238058144,.1628905447835988,.0644018941432079,.1621867745820529,.2634875357082575,.0787559986874009,.1232631672753547,.0956901374307321
Japan,jp,rent,2019,.1640208721728657,.1056981233151131,.0931396318085292,.1214817882652939,.1660706985789928,.1516808733215187,.1468579657004877,.1328815826421446,.1893343735734853
Japan,jp,care,2019,1,1,.0187719432334049,.0085893748886295,.2882792008313058,.0527511821655035,.146943509517874,.1468843972288704,.3820695421057059
South Korea,kr,pv5,2012,.8902357056590348,.8044626866227494,.2896384328445093,.1679680963960188,.1501519875654719,.3102683731185734,.0696232041532893,.0808473481079086,.2045750189276878
South Korea,kr,pv6,2012,.9277028755551509,.8619108097712056,.3578803539110531,.2335566080825268,.1941285654021708,.3537865494306494,.111983854725487,.1132594120582142,.2990691388920985
South Korea,kr,rent,2012,.0023706986526523,.0008664272098937,.0016449231072096,.0003475609175764,.0001046961138339,0,0,0,0
South Korea,kr,care,2012,1,1,0,0,.1540667877221868,.186811112857683,.1584003363396838,.101269066113782,.3327649074435987
South Korea,kr,pv5,2014,.8791413596088461,.7575467690795631,.2995692329490211,.139526543707981,.1720618101924507,.2755543745999541,.0504976277038668,.0600980916494564,.2513871499861183
South Korea,kr,pv6,2014,.9183341966774645,.825616979434188,.3592832157201619,.1878141883562436,.2195942011845966,.3630856247533677,.088492882221246,.0858612514800817,.3347044304371735
South Korea,kr,rent,2014,.0019130017222674,.0000727819467245,.0040235375414114,.0010690440917426,.0001341583335902,0,.0000932364402073,.0005118966597832,0
South Korea,kr,care,2014,1,1,0,0,.1609415121155225,.1973027611043875,.1630102325158254,.0993304022306122,.3735459485657983
South Korea,kr,pv5,2016,.8000244930819017,.5348203803440826,.3576623111908253,.1582105358143129,.1026385476359547,.6020930650864447,.1319801534064705,.1139803662137264,.1664681567185885
South Korea,kr,pv6,2016,.854664246604747,.6236289804615138,.4400117130616538,.2246377771174407,.1513953967609323,.7251262466035145,.1915896614100369,.174796650748003,.2085645759466477
South Korea,kr,rent,2016,0,0,0,0,0,0,0,0,0
South Korea,kr,care,2016,1,1,.066878347080695,.0481279646442112,.1460508854257054,.1389310141276623,.1709579685695104,.0897606533031656,.3365583902454324
South Korea,kr,pv5,2017,.7896058893061776,.5165771288224137,.333996046528218,.1591339455253006,.102834986457151,.5583177206712012,.1202207086898549,.1010958024032633,.1517667132681821
South Korea,kr,pv6,2017,.8359572832527523,.6092454744753912,.4067723972359047,.2232895660096441,.1550422495890326,.6861863681808911,.1783730423090932,.1597534591967097,.2285954723369265
South Korea,kr,rent,2017,0,0,.000889023161682,0,0,0,0,0,0
South Korea,kr,care,2017,1,1,.0689324002656101,.0444483439685904,.1538543723643994,.1325771056316975,.1652909544410512,.0862581753806733,.3531073853353574
South Korea,kr,pv5,2018,.7805878687258909,.5106195224039858,.334690789965046,.1561814159598329,.0919201225599534,.5331346393087462,.103763218045187,.1029183987205614,.1178164905932482
South Korea,kr,pv6,2018,.8383897670253753,.6233277288746418,.4106938432172056,.2189701848837561,.1370502223807799,.6612671313952398,.1682822142400111,.147160705461034,.1786712173971656
South Korea,kr,rent,2018,0,0,0,0,0,0,0,0,0
South Korea,kr,care,2018,1,1,.0674874453539789,.0439574063712478,.1531561419253907,.1325293913930354,.1582673217060704,.0850819798033326,.3299254456291238
South Korea,kr,pv5,2019,.7718060687791164,.4880973142134633,.3261277780540128,.1527637743993414,.0964995505582558,.4210696632594566,.0947025803954579,.0727254401470022,.1256225681673876
South Korea,kr,pv6,2019,.829353761097768,.5842106803061481,.4077565737098633,.2114512765196561,.1456320371290414,.6180374412107472,.1563265376391933,.1157610085143076,.1697140417092722
South Korea,kr,rent,2019,0,0,0,0,0,0,0,0,0
South Korea,kr,care,2019,1,1,.0567074413025722,.0406448203325508,.1603499121995521,.1109624711019901,.150567992773635,.078369607123388,.3210349491387278
Sweden,se,pv5,2010,.8627132554265725,.7019089988333275,.3615074514255528,.1093931395547069,.1406824993025889,.4258986836397074,.1219071259206052,.1025929611022,.2058190619593567
Sweden,se,pv6,2010,.8837518070489602,.7537017962727259,.3903876811836951,.1267477823025327,.1695948307540864,.4875178052241912,.1589783724103426,.1182933359212424,.249662447503112
Sweden,se,rent,2010,0,0,.0001960440373406,0,0,0,0,0,0
Sweden,se,care,2010,1,1,0,0,.1461833656767146,.17720753178356,.2022896486684059,.030026492305102,.3279186851672867
Sweden,se,pv5,2011,.8670226588185846,.6939870752526288,.3372580441782255,.1011960574399704,.1289174691374371,.4179345459829861,.1213121697827519,.1018828667017231,.3117469756677695
Sweden,se,pv6,2011,.889100152131671,.7401191581480955,.3707157225712669,.1183729807468578,.1523188718574542,.4766896334216655,.1637882570017571,.1263161131039265,.3117469756677695
Sweden,se,rent,2011,0,0,0,0,0,0,0,0,0
Sweden,se,care,2011,1,1,0,0,.1462565807486531,.1665039982625109,.1983888063800033,.0309825154470827,.3196713000279627
Sweden,se,pv5,2012,.8582069588078273,.6680177844547126,.3395755191935088,.0979896638255008,.1294105553845755,.3982346405429446,.1114546984820151,.0941293303231845,.1691488629791098
Sweden,se,pv6,2012,.878690054235536,.7159419589541244,.3695855907004229,.114319988433243,.148519274347082,.4506093511574258,.1553548711144422,.1129445870571389,.260059853890023
Sweden,se,rent,2012,0,0,0,0,0,0,0,0,0
Sweden,se,care,2012,1,1,0,0,.1425193278546958,.1620316936174302,.1998750870644538,.0311937638175137,.3101182755629817
Sweden,se,pv5,2013,.8370854758192124,.6670557408590427,.4054028547449965,.0980008079388417,.1375322197154315,.418330882177599,.1348721703158868,.1263733426686503,.2293954448154472
Sweden,se,pv6,2013,.8736719608775322,.7118243252458637,.4415342196183447,.1144896419413658,.1746974628518236,.4471737829960254,.179898446968453,.1463043563925865,.2293954448154472
Sweden,se,rent,2013,.2543763383884759,.0710273777052022,.2364641111047238,.0911025112670908,.0678740333994783,.4379587101580277,.2071078841684305,.1519560140864261,.1009846959055838
Sweden,se,care,2013,1,1,0,0,.1638951318899204,.1317099706749129,.2000417077843434,.0299979668729349,.2544582510706275
Sweden,se,pv5,2014,.8423450938075803,.6894878667717803,.3898293646424162,.1075906763860974,.1581547507837492,.3780465663706721,.1138981641670222,.2118213009415514,.3493376663301372
Sweden,se,pv6,2014,.8802738993113863,.7393095877465252,.4272574341712178,.1298184846840279,.1919270113768661,.4280666880151181,.1394299357989808,.2430380937829698,.4170043423608542
Sweden,se,rent,2014,.2401848919669902,.0823313211630698,.2035964900582936,.0803299539523873,.0814887298797398,.4083575933939493,.1861366896600304,.2876755989673183,.3246772764110076
Sweden,se,care,2014,1,1,0,0,.1699726628951516,.1382039910181288,.1965557564051058,.0340554328062461,.2649628441855359
Sweden,se,pv5,2015,.8628122883846449,.6670124815267304,.379619872762697,.1063710472504127,.1360465483857732,.3625195601832182,.1192570436019642,.1858193482660637,.4877204718080783
Sweden,se,pv6,2015,.8887887609820858,.725881690222105,.4133236198020836,.1219812971772618,.1660067898354348,.43965088305787,.1479189406626021,.2180572666607286,.542912783479878
Sweden,se,rent,2015,.2497907888868871,.0677135580948205,.1748451926190162,.0865751871586714,.088184151089076,.4206327452214645,.1912761944777501,.260260541486475,.5612407924315083
Sweden,se,care,2015,1,1,0,0,.1572111145581267,.1221604244981782,.1922572818493261,.0493904179704027,.2951337956592403
Sweden,se,pv5,2016,.8513536993015218,.6813538702945345,.3811627312142709,.0795706520308046,.1379018076904382,.330110329766044,.1268865862840591,.2175034413454263,.5723318533604868
Sweden,se,pv6,2016,.8714083132127589,.7282788970857376,.4209453340128105,.1046494897851044,.1698273832678439,.403330607628787,.1603124063672709,.2392855008875787,.6180646650142713
Sweden,se,rent,2016,.2393851154461228,.0757697916796303,.1859032576261043,.0913653169651157,.0661679974422272,.397656811874989,.1804981166519654,.2459970262400252,.379922510388497
Sweden,se,care,2016,1,1,0,0,.1750007292898455,.1302335968309579,.1885154099670871,.0374611036936083,.3900435449310161
Sweden,se,pv5,2017,.8341206125191757,.664128852357441,.3746326932782476,.0944256589319975,.1327804906739141,.3319073086543227,.138940301118225,.1757676505124213,.4153581911079196
Sweden,se,pv6,2017,.8559927151564666,.7174607093517801,.4189415963332613,.1163732049187627,.1674842817919308,.402665617147822,.1686806079183783,.197609696164118,.4153581911079196
Sweden,se,rent,2017,.2357159386819283,.0769473793835955,.1978272243991433,.0969896955754073,.064049449241526,.4450537012876073,.1794615858194598,.2254234199515149,.5392399863792415
Sweden,se,care,2017,1,1,0,0,.1825034587474365,.1335278911516381,.1885021583980729,.046990632685175,.2515899533168097
Sweden,se,pv5,2018,.8216578708038517,.6133942029239218,.3345809279830722,.0784956705106978,.148854517323828,.3441492273961512,.1475697019766741,.1324681601736542,.4867398549579388
Sweden,se,pv6,2018,.8491801761100297,.6691880198104634,.3637733726469887,.096587594757878,.1680094983376442,.3972670321726672,.1870720292547854,.1632173403140245,.630144047600146
Sweden,se,rent,2018,.2262187890807701,.0650848710731488,.1677479331938568,.0739855061611415,.0775454946167633,.3984502535626401,.2062514042551861,.1484714327188475,.4553307219473477
Sweden,se,care,2018,1,1,0,0,.1899796714172031,.1564482966255318,.1840942291316092,.0299650193928685,.2855771790063772
Sweden,se,pv5,2019,.8129146614652777,.6655976437073894,.3241846593799168,.098278048292922,.1646359783113761,.3662235317790892,.1372208552863861,.1496478255574041,.5348331246905227
Sweden,se,pv6,2019,.8380628264375369,.7277381203032696,.3534627217320636,.1167052932991738,.1899608712471495,.435074562697407,.1726121542664945,.188471689977041,.623900570737577
Sweden,se,rent,2019,.2001604912953296,.0565862866884937,.1781719515066655,.0913004936367005,.0724214203315427,.418223419005864,.1910649884397299,.204698170815914,.4602734209588942
Sweden,se,care,2019,1,1,0,0,.1785142908978344,.1895190352720045,.1811580048427443,.0314183006957105,.2682405223886934
United Kingdom,uk,pv5,2010,.784840393552408,.6257079050579121,.3950424222017747,.1341452929956564,.2011447357412484,.7574797906683575,.223500527238565,.1984164487366506,.5210897034578136
United Kingdom,uk,pv6,2010,.8306853878508118,.6864023426279517,.4177515313887527,.1541256233828251,.2377939967813535,.7914499221303248,.259980008596103,.2342996226392046,.5825903506529323
United Kingdom,uk,rent,2010,.0487421455808576,.0175041383917108,.1836382081372837,.1041120123040486,.1130292188138254,.465687092337599,.1656660493684092,.1313926109763434,.1028828868727089
United Kingdom,uk,care,2010,1,1,.2905166133063193,.1447062069268934,.2537505353584105,.3127245731836429,.2595886090179758,.1668603876981389,.4461293834024461
United Kingdom,uk,pv5,2011,.7863678599088374,.5916485724076218,.4014281929997843,.1341568975262744,.1704316746624105,.751180033596711,.2216910550024772,.2274841079129252,.4736996898129144
United Kingdom,uk,pv6,2011,.8304210293343656,.6517765936887441,.4280743013560089,.1556220158358876,.2038426386675652,.7942363219168181,.263950277644341,.2734628281786236,.5142271348107774
United Kingdom,uk,rent,2011,.0463191308457748,.0210034153083116,.2100257710693329,.1021866024530461,.1079371580132952,.4773736222504369,.1713923675705051,.121149889058951,.1285837610924679
United Kingdom,uk,care,2011,1,1,.2990840920462886,.1549471294581516,.2487053629837057,.3309558670913448,.2558541983504545,.1836100922440777,.3941617403282395
United Kingdom,uk,pv5,2012,.7679864173504108,.5776786209157379,.3723583931916167,.1405673360477672,.1829183733048768,.7597483976921847,.2281430047347598,.1966134420098798,.4737393711686771
United Kingdom,uk,pv6,2012,.8076295891514781,.642279062308858,.4051830889223303,.1647629631668745,.2188297640783556,.7962185843103002,.2749950389073786,.2324115538286094,.4775212576626459
United Kingdom,uk,rent,2012,.0533676449987207,.0210136104430559,.1926919759777439,.1088195870444082,.1124724059710621,.526131046841106,.2000135965877862,.1516790192725485,.1622009096302156
United Kingdom,uk,care,2012,1,1,.1758028552676807,.0768285130668784,.1996450015733115,.2880065843694189,.2238595114372426,.1105603648783742,.3565528198795038
United Kingdom,uk,pv5,2013,.7604982799981641,.5643311724125182,.3695731966175373,.1179898032138687,.1741863649029435,.7552194719388911,.2160383990751533,.2204493615165537,.5342175369080595
United Kingdom,uk,pv6,2013,.8067091265883291,.618392065394558,.3967505026246738,.1374192298526165,.2071687671632575,.7927797933848949,.2670880389903924,.2626858536844461,.5943486795037208
United Kingdom,uk,rent,2013,.0659130674242959,.0209461166589124,.2023529007109542,.1158364946917657,.1221576773349291,.5436593920302727,.2074506484764654,.1497090977126975,.1936585196825999
United Kingdom,uk,care,2013,1,1,.1850542250392135,.0695481368344847,.1939112884263242,.2841827314135411,.2313066548588973,.1248141273932329,.4233003201825861
United Kingdom,uk,pv5,2014,.7592662465742283,.5448441729098509,.3609274368675432,.1230933925999119,.1538644005557696,.7584317408439823,.2192506293827132,.2246194882490448,.3989031155294093
United Kingdom,uk,pv6,2014,.8054164473193689,.6051554969246922,.3891595422737207,.1462401690703932,.1858189833795737,.8020702994953098,.2725872845645262,.2805775421780069,.4282610291418924
United Kingdom,uk,rent,2014,.0623713570461883,.0282992150132837,.2109280175026651,.1091236027936928,.1028694632060789,.5495312959180459,.2119380351004117,.1736160133772841,.1950524847684064
United Kingdom,uk,care,2014,1,1,.1915355011926246,.078971282584431,.1943586865997287,.2812683320351743,.226350407823493,.138498381327476,.3908440816529806
United Kingdom,uk,pv5,2015,.7460410689678542,.5492723054704289,.3544620043400655,.1186743975683617,.1641008870523999,.7473052508316264,.2152189019371495,.2142793764840387,.4111792698929661
United Kingdom,uk,pv6,2015,.7913608031874488,.5960579042375828,.3821224762892925,.1428531297229573,.1991464857463807,.7982334227783473,.2555732861704202,.2660779263343665,.4820319046339188
United Kingdom,uk,rent,2015,.0627139093795835,.0256788645043954,.1979490546770221,.1194649047402338,.1225276062955892,.5502043211036597,.2130994227844955,.1847934668120864,.1678036710882041
United Kingdom,uk,care,2015,1,1,.1932091065186178,.0737776729012044,.1979853847822849,.2846221183844446,.2266077904284418,.1404310479110652,.4079421037679145
United Kingdom,uk,pv5,2016,.738388600532098,.5591597018616238,.35489699464453,.1136780167749705,.1663835851009513,.7666537214573504,.2168210975685758,.1712930563253149,.4075120354760229
United Kingdom,uk,pv6,2016,.7834258640187327,.6078303481138684,.3836134394701828,.1383092958181239,.1994227576712186,.8031200174606623,.2722191410009138,.2010062885031058,.4605011462849431
United Kingdom,uk,rent,2016,.0707023655493117,.0279200257787493,.2068280045206002,.1153329449177803,.1137018153892101,.5445047074109445,.2214176536242312,.1494300025261218,.1202453937091552
United Kingdom,uk,care,2016,1,1,.1976253227430833,.0821347746892503,.2095831574166179,.2745898054446397,.2306192620640501,.1281300213394602,.3992862728424679
United Kingdom,uk,pv5,2017,.7624090975645468,.5654156800586764,.3482920102952468,.1056957616328714,.1635122563501989,.7644705287097582,.1965836758792466,.1837976065177562,.4049133566656283
United Kingdom,uk,pv6,2017,.8095662695447946,.6177321445258023,.3879842792857907,.1324022528859974,.2006348248175752,.8120221386401361,.2534357740896197,.2128509336140023,.4179398778622234
United Kingdom,uk,rent,2017,.0633947779001222,.0190257396694871,.2143057279043616,.1145548772520504,.1056674403213599,.5444747623116499,.1981174186019696,.1812708065333489,.1035247312464214
United Kingdom,uk,care,2017,1,1,.1864159625135871,.0795344306555369,.2075729980643715,.2895615031006533,.2329867567991604,.112260473492609,.3798125771918135
United Kingdom,uk,pv5,2018,.7598307316502085,.5470961127811221,.3339965556751179,.110570193911595,.1660888326966601,.7217582636616894,.1939581807173601,.1979076126839302,.3568599995185402
United Kingdom,uk,pv6,2018,.8045968695615571,.6120718181997711,.3649973388987922,.1341942850438524,.1926271631927532,.7691297909149941,.2416870693138437,.2411844029029348,.4125287872830422
United Kingdom,uk,rent,2018,.0607905942150424,.026881939239076,.2052887352913151,.1093022315103035,.105133087696795,.5125780091428298,.2036477017579986,.1805698650436124,.0983461856348448
United Kingdom,uk,care,2018,1,1,.19673323680547,.0822242176984469,.1960140929145057,.286137140245529,.2302460850164082,.1359511172792383,.4242927513515488
United Kingdom,uk,pv5,2019,.7639940877126318,.5742635286432517,.3367001216811456,.0929275140920613,.1620596830157143,.7423314403706315,.1876532107098981,.1625249893937704,.350395309426472
United Kingdom,uk,pv6,2019,.8086268216728032,.6330427758212875,.3735894739123278,.117799599943005,.1997258518078861,.7903858779817684,.2338572662016912,.2028317429284902,.4257195613974372
United Kingdom,uk,rent,2019,.079753704364564,.0231504655163521,.1899749767496333,.0886611680632773,.1226312332291887,.5028222281869111,.1866218051642104,.1579553076692428,.0983975511133637
United Kingdom,uk,care,2019,1,1,.1847093508202526,.0756190352140128,.2045457867862001,.2785522023012942,.219168651214995,.1440554228589437,.378283553067473
United States,us,pv5,2010,.7883459983118779,.6575707467945648,.3353473616834184,.1684731315162289,.2422601470904534,.5808369134860376,.2122782754085684,.2282619786396715,.3726734913387914
United States,us,pv6,2010,.812800172383548,.699058903442588,.3693208647852679,.1995968643415749,.2765775036781022,.6462369172150716,.2642811478153616,.2813799328473063,.4232221003535317
United States,us,rent,2010,.0119747204358953,.0051746333426339,.0247637179872544,.0082504516701937,.0046841972162746,.005594592990817,.001431334854012,.0034150799480482,.001210779581865
United States,us,care,2010,1,1,.163858418430547,.0924856652784943,.2330515168421116,.6062213649509454,.4710375386133469,.3248239533119688,.5916729036290274
United States,us,pv5,2011,.7847562935565815,.6394966019508449,.3383884093955504,.175612231187677,.2341995350596505,.5834384703048895,.2071384494848743,.2071954666182105,.3750863513395499
United States,us,pv6,2011,.8133556635883996,.6765925054922295,.3632129671643583,.203325740503696,.2681666494840095,.6533856550375216,.2612106271978433,.264162081300071,.4330961324973952
United States,us,rent,2011,.0095281912347905,.0068161237683723,.020590362949936,.0101397034441051,.0044615480109549,.0055574683746319,.0012364046380886,.0014716309177859,.0010225327730967
United States,us,care,2011,1,1,.1666247118374607,.0910546801193183,.2412249395468605,.6097136838664039,.471802956452736,.3182133019941801,.5995152933119062
United States,us,pv5,2012,.7859669516218531,.6484091660321128,.3323020999794616,.1699828082662293,.2492373266717768,.5833262809557979,.2069215933733748,.2217501491664642,.3860882890994127
United States,us,pv6,2012,.8087254108320708,.6863319466746978,.3621630858071147,.1988776297521151,.2837767733553315,.648477504446498,.261513364440035,.2766869799756371,.4313477714835442
United States,us,rent,2012,.0107261421959694,.005545460951947,.0208372985624652,.0080601592234425,.0052717162649613,.0052693672002991,.0023141482125781,.0005821707693735,.0015753238143459
United States,us,care,2012,1,1,.1675938860027318,.0882153339973095,.243078422137868,.617464904668765,.4709232981238011,.3219015382946764,.5982804982081524
United States,us,pv5,2013,.7893613108441037,.6452032827873261,.33114084565637,.1732513198690091,.2478852003292563,.5849365808108106,.1978844450974916,.2112742152423505,.3516977672624721
United States,us,pv6,2013,.8077241964917137,.6758222213420019,.3662746552124202,.2021382125399304,.2885231634188861,.6450408325807689,.2508027535937918,.2648056512203507,.4205426163269075
United States,us,rent,2013,.0092575872692431,.0067902488407561,.0235276909370906,.0074923603625792,.0048410930842896,.004633105800511,.0021185375528742,.0005501187031357,.0006654717558157
United States,us,care,2013,1,1,.1729075194437265,.0961088782785347,.2447493258820194,.6114466931346181,.4675919453189307,.3175071023824697,.6096281592153826
United States,us,pv5,2014,.7589714080294987,.5992533910523117,.3354703331003403,.1709654534658273,.2325422407488037,.5968239622317033,.2163965232874985,.1976457587963307,.3827835575833248
United States,us,pv6,2014,.7904480032821456,.6323593814950549,.3668344494059961,.2049519103170991,.2704334934953057,.6619816685856215,.2698130803734556,.2529000161933143,.4476466884391783
United States,us,rent,2014,.0115261323919966,.0062638378913121,.0254498112141798,.0078553792861825,.004747124192773,.0059371271005327,.0014180387575565,.0007936989402963,.0015472850046202
United States,us,care,2014,1,1,.1927028095621638,.0994414643687387,.2449027656780871,.6141070220498136,.4767497922613077,.3209775165217978,.6134519082749786
United States,us,pv5,2015,.7617462026060521,.6151603361230831,.3298246760617488,.1569440334710368,.2291011783421184,.5992957680968261,.2129354138929999,.1979409541466644,.3731189454274277
United States,us,pv6,2015,.7853648502407841,.6450811708860338,.3633368421207767,.1855789525862389,.2659743569246514,.6668847175163224,.265809527987058,.2517695360234754,.442175837044255
United States,us,rent,2015,.0101763287062579,.0076312318906476,.0239860513318065,.0074158557008591,.0045032055294801,.0036400083050332,.0012176505303654,.0021274332233228,.0020475291899269
United States,us,care,2015,1,1,.1848546741421751,.0921052869285443,.2462007997953395,.6118091998715904,.4774224349465667,.3197462034527827,.6157976303206297
United States,us,pv5,2016,.7598040582417729,.6220533979046332,.322196017675091,.1551437118821766,.2307659685924725,.5794781595757506,.2008223459519257,.1955579736818785,.3825726621746968
United States,us,pv6,2016,.7937830293240613,.6643775768382583,.357511570802575,.1848587720530636,.2678241460336814,.6457632257962238,.2586417396203421,.2523459626883703,.4379366528528374
United States,us,rent,2016,.0098854041146541,.0061853073759632,.0204548301382748,.0075752924089665,.0048547423402236,.0061471526667992,.0014709592346091,.0000716163228307,.0012974153032301
United States,us,care,2016,1,1,.1806805330415404,.0907216319541793,.2633075444667811,.6133031766974483,.4750236644194036,.321079168203917,.6116800605752504
United States,us,pv5,2017,.7675096966778102,.5927390610030591,.3142769905287931,.1554045010963375,.2306499529705978,.5914973825093071,.2032449188945025,.1926335615705067,.342602901451308
United States,us,pv6,2017,.7926984035990606,.6284477806555487,.3544130220631851,.1854245059365017,.2703193324589394,.6623515335356612,.2560860672291991,.2479266059646207,.4036510647293906
United States,us,rent,2017,.0144317211522386,.0074618828402663,.0216789143387086,.0075760149092456,.0052277610293542,.0033594832587125,.0026630011393887,.0012043335626782,0
United States,us,care,2017,1,1,.1821656675875538,.0911661419861775,.2519951199342564,.61489308768361,.4794700084040017,.3176576625931146,.6052826145154359
United States,us,pv5,2018,.7457630182856299,.5873389728589699,.3200545838646914,.1540431770598905,.2182462692949314,.5721012743443401,.1888030484974111,.1857927360662055,.3612448862802233
United States,us,pv6,2018,.7725638897584886,.6262281945465836,.3526448229667138,.1838909798432735,.2581082668933196,.6439314035006686,.2443545579764171,.2450742314990167,.433219229984195
United States,us,rent,2018,.0108659721553978,.0054716087050116,.0258471573339976,.0062687024772646,.003903814869121,.0034784723014783,.0009624865403668,.0018145742630281,.0039072777198452
United States,us,care,2018,1,1,.1790049101476893,.0835358693100994,.2543580614503977,.6135808044023056,.4756330314766165,.3154651748334671,.6008846560857553
United States,us,pv5,2019,.7527182303829681,.5647731467287871,.3046182626839648,.1418668415652028,.222736627030665,.5722578783965371,.1804118412328586,.1861023623758601,.3644491538551004
United States,us,pv6,2019,.7836695092053688,.6032069593398939,.3441196704925192,.1709339012621761,.2643117676876166,.6424990124783613,.2388426614210784,.2424467691770851,.4363819624189774
United States,us,rent,2019,.0151186069670166,.0070474311296393,.0159943754283795,.0040331745633451,.00472850183181,.0042014913574348,.0015153299099401,.0005138366181368,.0010719693440204
United States,us,care,2019,1,1,.1719720470654179,.0806295221884298,.2572005910812705,.6202919293624658,.4755451346622998,.3135503774178106,.6030175272417115
